point_id,time_s,X_mm,Y_mm,Z_mm,A_rad,C_rad,material_id,channel_id
point-0000001,0.000000000,12.000000000,39.300009891,17.315843634,-1.210279180,-1.256636921,,
point-0000002,0.199651832,12.057447568,37.092924149,15.292439452,-1.213547193,-1.087755167,PLA,T0
point-0000003,0.401950140,12.244068324,34.909298769,13.193632862,-1.222210359,-0.930789735,PLA,T0
point-0000004,0.604804953,12.574444959,32.729541642,11.096425890,-1.233560879,-0.783984784,PLA,T0
point-0000005,0.808357752,13.052944006,30.567881422,8.993842794,-1.247238667,-0.646003594,PLA,T0
point-0000006,1.013091454,13.671076053,28.435929229,6.871634612,-1.263223997,-0.515890311,PLA,T0
point-0000007,1.218266072,14.415643569,26.341434409,4.743149000,-1.280349452,-0.392099836,PLA,T0
point-0000008,1.424723499,15.285488272,24.287256300,2.595063084,-1.299998884,-0.276249783,PLA,T0
point-0000009,1.632011384,16.272848065,22.268918057,0.445809375,-1.321765376,-0.168407427,PLA,T0
point-0000010,1.838880201,17.368037870,20.288814335,-1.677527090,-1.344499341,-0.067988294,PLA,T0
point-0000011,2.044928823,18.594067381,18.331234709,-3.731143753,-1.369110576,0.021983097,PLA,T0
point-0000012,2.249218367,19.955069343,16.400471411,-5.683072471,-1.394581069,0.101834093,PLA,T0
point-0000013,2.450761859,21.455006066,14.510361266,-7.504369764,-1.419791779,0.172035967,PLA,T0
point-0000014,2.649421370,23.136659341,12.659076583,-9.124415304,-1.444975880,0.230028406,PLA,T0
point-0000015,2.845429250,25.009686699,10.872396918,-10.518631702,-1.469107183,0.276549999,PLA,T0
point-0000016,3.039562524,27.091986147,9.177655234,-11.646292290,-1.491393405,0.311524966,PLA,T0
point-0000017,3.235159227,29.442474985,7.588168298,-12.392482167,-1.512010510,0.331971549,PLA,T0
point-0000018,3.435656418,32.060328345,6.144719403,-12.721270672,-1.530042409,0.338740170,PLA,T0
point-0000019,3.646706608,34.957837308,4.882897330,-12.536235698,-1.544867554,0.330898983,PLA,T0
point-0000020,3.880445760,38.170565355,3.824693173,-11.613614163,-1.556655217,0.304372134,PLA,T0
point-0000021,4.143697929,41.620050238,3.004508487,-9.875444254,-1.564764001,0.260210467,PLA,T0
point-0000022,4.451039779,45.225707278,2.434697736,-7.059803853,-1.569282503,0.195226036,PLA,T0
point-0000023,4.812555098,48.787432778,2.106796441,-2.983949280,-1.570811018,0.108608442,PLA,T0
point-0000024,5.236324917,52.000000000,2.000000000,2.500000000,-1.570796327,0.000000000,PLA,T0
point-0000025,5.248324917,52.000000000,2.600000000,2.500000000,-1.570796327,0.000000000,,
point-0000026,5.666724651,48.836506289,2.704073471,-2.919372864,-1.570827178,0.107284684,PETG,T1
point-0000027,6.025708185,45.323943526,3.026987630,-6.987934561,-1.569349870,0.193634577,PETG,T1
point-0000028,6.332363500,41.754764280,3.590137514,-9.834380626,-1.564882109,0.259216081,PETG,T1
point-0000029,6.595415838,38.329021160,4.401277105,-11.616389725,-1.556796957,0.304429475,PETG,T1
point-0000030,6.829141074,35.128757056,5.451015457,-12.589808129,-1.544956966,0.332415069,PETG,T1
point-0000031,7.039932261,32.236255204,6.705947726,-12.826421875,-1.529986949,0.342024803,PETG,T1
point-0000032,7.239694116,29.622847373,8.143489230,-12.539797217,-1.511746622,0.337038811,PETG,T1
point-0000033,7.434330038,27.275637424,9.728697302,-11.831681535,-1.490807595,0.318570819,PETG,T1
point-0000034,7.627252930,25.198405872,11.419818139,-10.736442367,-1.468084217,0.285728250,PETG,T1
point-0000035,7.821946110,23.335461315,13.201851460,-9.364393688,-1.443425497,0.241309005,PETG,T1
point-0000036,8.019331547,21.666898327,15.047774399,-7.759808545,-1.417524236,0.185593673,PETG,T1
point-0000037,8.219697332,20.185453163,16.929468649,-5.943907189,-1.391395348,0.117725115,PETG,T1
point-0000038,8.423061811,18.849035976,18.846539512,-3.983249524,-1.364797889,0.040105264,PETG,T1
point-0000039,8.628558227,17.651705129,20.784009038,-1.906211865,-1.338692295,-0.047585438,PETG,T1
point-0000040,8.835309607,16.591251082,22.732821182,0.260686480,-1.314141202,-0.145991366,PETG,T1
point-0000041,9.043037363,15.642967555,24.706222058,2.477752540,-1.290223096,-0.252276340,PETG,T1
point-0000042,9.250623294,14.814682978,26.699227475,4.722202542,-1.267890788,-0.366965861,PETG,T1
point-0000043,9.457510207,14.113499180,28.710948408,6.978707361,-1.247750579,-0.490527050,PETG,T1
point-0000044,9.664706065,13.538417822,30.736458742,9.264722919,-1.228349847,-0.621489343,PETG,T1
point-0000045,9.871617318,13.101749304,32.763076316,11.574463549,-1.210727520,-0.761639977,PETG,T1
point-0000046,10.078446880,12.807320476,34.776608435,13.916290892,-1.195376829,-0.912668961,PETG,T1
point-0000047,10.285386732,12.647918644,36.761880563,16.297195904,-1.182755937,-1.076255437,PETG,T1
point-0000048,10.489294216,12.600707456,38.748933434,18.621954154,-1.176217964,-1.254606702,PETG,T1
point-0000049,11.614052993,52.000000000,2.000000000,2.500000000,-1.570796327,-0.785398163,,
point-0000050,12.037822811,48.787432778,2.106796441,-2.983949280,-1.570811018,-0.676789722,PETG,T1
point-0000051,12.399338130,45.225707278,2.434697736,-7.059803853,-1.569282503,-0.590172127,PETG,T1
point-0000052,12.706679980,41.620050238,3.004508487,-9.875444254,-1.564764001,-0.525187697,PETG,T1
point-0000053,12.969932149,38.170565355,3.824693173,-11.613614163,-1.556655217,-0.481026029,PETG,T1
point-0000054,13.203671301,34.957837308,4.882897330,-12.536235698,-1.544867554,-0.454499180,PETG,T1
point-0000055,13.414721491,32.060328345,6.144719403,-12.721270672,-1.530042409,-0.446657993,PETG,T1
point-0000056,13.615218682,29.442474985,7.588168298,-12.392482167,-1.512010510,-0.453426614,PETG,T1
point-0000057,13.810815385,27.091986147,9.177655234,-11.646292290,-1.491393405,-0.473873197,PETG,T1
point-0000058,14.004948659,25.009686699,10.872396918,-10.518631702,-1.469107183,-0.508848165,PETG,T1
point-0000059,14.200956539,23.136659341,12.659076583,-9.124415304,-1.444975880,-0.555369757,PETG,T1
point-0000060,14.399616050,21.455006066,14.510361266,-7.504369764,-1.419791779,-0.613362197,PETG,T1
point-0000061,14.601159543,19.955069343,16.400471411,-5.683072471,-1.394581069,-0.683564070,PETG,T1
point-0000062,14.805449086,18.594067381,18.331234709,-3.731143753,-1.369110576,-0.763415066,PETG,T1
point-0000063,15.011497708,17.368037870,20.288814335,-1.677527090,-1.344499341,-0.853386457,PETG,T1
point-0000064,15.218366525,16.272848065,22.268918057,0.445809375,-1.321765376,-0.953805590,PETG,T1
point-0000065,15.425654819,15.285486435,24.287260319,2.595067334,-1.299998843,-1.061648166,PETG,T1
point-0000066,15.632111838,14.415643569,26.341434409,4.743149000,-1.280349452,-1.177498000,PETG,T1
point-0000067,15.837286134,13.671077124,28.435925912,6.871631279,-1.263224023,-1.301288276,PETG,T1
point-0000068,16.042020465,13.052943176,30.567884659,8.993845985,-1.247238645,-1.431401959,PETG,T1
point-0000069,16.245572956,12.574444959,32.729541642,11.096425890,-1.233560879,-1.569382947,PETG,T1
point-0000070,16.448427769,12.244068324,34.909298769,13.193632862,-1.222210359,-1.716187898,PETG,T1
point-0000071,16.650726077,12.057447568,37.092924149,15.292439452,-1.213547193,-1.873153330,PETG,T1
point-0000072,16.850377909,12.000000000,39.300009891,17.315843634,-1.210279180,-2.042035084,PETG,T1
point-0000073,16.881170502,12.600707456,38.748933434,18.621954154,-1.176217964,-2.040004866,,
point-0000074,17.085077986,12.647918644,36.761880563,16.297195904,-1.182755937,-1.861653601,PA,T2
point-0000075,17.292017838,12.807320476,34.776608435,13.916290892,-1.195376829,-1.698067125,PA,T2
point-0000076,17.498847400,13.101749304,32.763076316,11.574463549,-1.210727520,-1.547038141,PA,T2
point-0000077,17.705758652,13.538417821,30.736458744,9.264722921,-1.228349847,-1.406887507,PA,T2
point-0000078,17.912954511,14.113499182,28.710948407,6.978707359,-1.247750579,-1.275925213,PA,T2
point-0000079,18.119841424,14.814682978,26.699227475,4.722202542,-1.267890788,-1.152364024,PA,T2
point-0000080,18.327427355,15.642967554,24.706222059,2.477752542,-1.290223096,-1.037674504,PA,T2
point-0000081,18.535155110,16.591251082,22.732821182,0.260686480,-1.314141202,-0.931389530,PA,T2
point-0000082,18.741906491,17.651705129,20.784009038,-1.906211865,-1.338692295,-0.832983601,PA,T2
point-0000083,18.947402906,18.849035976,18.846539512,-3.983249524,-1.364797889,-0.745292900,PA,T2
point-0000084,19.150767385,20.185453163,16.929468649,-5.943907189,-1.391395348,-0.667673048,PA,T2
point-0000085,19.351133170,21.666898327,15.047774399,-7.759808545,-1.417524236,-0.599804490,PA,T2
point-0000086,19.548518607,23.335461315,13.201851460,-9.364393688,-1.443425497,-0.544089158,PA,T2
point-0000087,19.743211788,25.198405872,11.419818139,-10.736442367,-1.468084217,-0.499669914,PA,T2
point-0000088,19.936134679,27.275637424,9.728697302,-11.831681535,-1.490807595,-0.466827344,PA,T2
point-0000089,20.130770601,29.622847373,8.143489230,-12.539797217,-1.511746622,-0.448359352,PA,T2
point-0000090,20.330532457,32.236255204,6.705947726,-12.826421875,-1.529986949,-0.443373360,PA,T2
point-0000091,20.541323644,35.128757056,5.451015457,-12.589808129,-1.544956966,-0.452983095,PA,T2
point-0000092,20.775048880,38.329021160,4.401277105,-11.616389725,-1.556796957,-0.480968688,PA,T2
point-0000093,21.038101218,41.754764280,3.590137514,-9.834380626,-1.564882109,-0.526182082,PA,T2
point-0000094,21.344756532,45.323943526,3.026987630,-6.987934561,-1.569349870,-0.591763587,PA,T2
point-0000095,21.703740067,48.836506289,2.704073471,-2.919372864,-1.570827178,-0.678113479,PA,T2
point-0000096,22.122139801,52.000000000,2.600000000,2.500000000,-1.570796327,-0.785398163,PA,T2
point-0000097,23.247555271,12.000000000,39.300009891,17.315843634,-1.210279180,-2.827433248,,
point-0000098,23.447207103,12.057447568,37.092924149,15.292439452,-1.213547193,-2.658551494,PA,T2
point-0000099,23.649505411,12.244068324,34.909298769,13.193632862,-1.222210359,-2.501586062,PA,T2
point-0000100,23.852360224,12.574444959,32.729541642,11.096425890,-1.233560879,-2.354781111,PA,T2
point-0000101,24.055913023,13.052944006,30.567881422,8.993842794,-1.247238667,-2.216799920,PA,T2
point-0000102,24.260646627,13.671075728,28.435930233,6.871635622,-1.263223989,-2.086686698,PA,T2
point-0000103,24.465821342,14.415643569,26.341434409,4.743149000,-1.280349452,-1.962896163,PA,T2
point-0000104,24.672278770,15.285488272,24.287256300,2.595063084,-1.299998884,-1.847046109,PA,T2
point-0000105,24.879566655,16.272848065,22.268918057,0.445809375,-1.321765376,-1.739203753,PA,T2
point-0000106,25.086435472,17.368037870,20.288814335,-1.677527090,-1.344499341,-1.638784620,PA,T2
point-0000107,25.292484094,18.594067381,18.331234709,-3.731143753,-1.369110576,-1.548813230,PA,T2
point-0000108,25.496773637,19.955069343,16.400471411,-5.683072471,-1.394581069,-1.468962234,PA,T2
point-0000109,25.698317130,21.455006066,14.510361266,-7.504369764,-1.419791779,-1.398760360,PA,T2
point-0000110,25.896976640,23.136659341,12.659076583,-9.124415304,-1.444975880,-1.340767920,PA,T2
point-0000111,26.092984521,25.009686699,10.872396918,-10.518631702,-1.469107183,-1.294246328,PA,T2
point-0000112,26.287117794,27.091986147,9.177655234,-11.646292290,-1.491393405,-1.259271361,PA,T2
point-0000113,26.482714498,29.442474985,7.588168298,-12.392482167,-1.512010510,-1.238824777,PA,T2
point-0000114,26.683211689,32.060328345,6.144719403,-12.721270672,-1.530042409,-1.232056157,PA,T2
point-0000115,26.894261878,34.957837308,4.882897330,-12.536235698,-1.544867554,-1.239897343,PA,T2
point-0000116,27.128001031,38.170565355,3.824693173,-11.613614163,-1.556655217,-1.266424192,PA,T2
point-0000117,27.391253200,41.620050238,3.004508487,-9.875444254,-1.564764001,-1.310585860,PA,T2
point-0000118,27.698595049,45.225707278,2.434697736,-7.059803853,-1.569282503,-1.375570290,PA,T2
point-0000119,28.060110368,48.787432778,2.106796441,-2.983949280,-1.570811018,-1.462187885,PA,T2
point-0000120,28.483880187,52.000000000,2.000000000,2.500000000,-1.570796327,-1.570796327,PA,T2
point-0000121,28.495880187,52.000000000,2.600000000,2.500000000,-1.570796327,-1.570796327,,
point-0000122,28.914279921,48.836506289,2.704073471,-2.919372864,-1.570827178,-1.463511643,ABS,T3
point-0000123,29.273263456,45.323943526,3.026987630,-6.987934561,-1.569349870,-1.377161750,ABS,T3
point-0000124,29.579918770,41.754764280,3.590137514,-9.834380626,-1.564882109,-1.311580246,ABS,T3
point-0000125,29.842971108,38.329021160,4.401277105,-11.616389725,-1.556796957,-1.266366851,ABS,T3
point-0000126,30.076696344,35.128757056,5.451015457,-12.589808129,-1.544956966,-1.238381258,ABS,T3
point-0000127,30.287487531,32.236255204,6.705947726,-12.826421875,-1.529986949,-1.228771524,ABS,T3
point-0000128,30.487249387,29.622847373,8.143489230,-12.539797217,-1.511746622,-1.233757515,ABS,T3
point-0000129,30.681885309,27.275637424,9.728697302,-11.831681535,-1.490807595,-1.252225507,ABS,T3
point-0000130,30.874808200,25.198405872,11.419818139,-10.736442367,-1.468084217,-1.285068077,ABS,T3
point-0000131,31.069501381,23.335461315,13.201851460,-9.364393688,-1.443425497,-1.329487321,ABS,T3
point-0000132,31.266886818,21.666898327,15.047774399,-7.759808545,-1.417524236,-1.385202654,ABS,T3
point-0000133,31.467252603,20.185453163,16.929468649,-5.943907189,-1.391395348,-1.453071212,ABS,T3
point-0000134,31.670617082,18.849035976,18.846539512,-3.983249524,-1.364797889,-1.530691063,ABS,T3
point-0000135,31.876113497,17.651705129,20.784009038,-1.906211865,-1.338692295,-1.618381764,ABS,T3
point-0000136,32.082864878,16.591251082,22.732821182,0.260686480,-1.314141202,-1.716787693,ABS,T3
point-0000137,32.290592633,15.642967555,24.706222058,2.477752540,-1.290223096,-1.823072667,ABS,T3
point-0000138,32.498178564,14.814682978,26.699227475,4.722202542,-1.267890788,-1.937762187,ABS,T3
point-0000139,32.705065478,14.113499179,28.710948409,6.978707361,-1.247750579,-2.061323377,ABS,T3
point-0000140,32.912261336,13.538417822,30.736458742,9.264722919,-1.228349847,-2.192285670,ABS,T3
point-0000141,33.119172588,13.101749304,32.763076316,11.574463549,-1.210727520,-2.332436304,ABS,T3
point-0000142,33.326002150,12.807320476,34.776608435,13.916290892,-1.195376829,-2.483465288,ABS,T3
point-0000143,33.532942002,12.647918644,36.761880563,16.297195904,-1.182755937,-2.647051764,ABS,T3
point-0000144,33.736849486,12.600707456,38.748933434,18.621954154,-1.176217964,-2.825403029,ABS,T3
point-0000145,34.861608263,52.000000000,2.000000000,2.500000000,-1.570796327,-2.356194490,,
point-0000146,35.285378082,48.787432778,2.106796441,-2.983949280,-1.570811018,-2.247586049,ABS,T3
point-0000147,35.646893401,45.225707278,2.434697736,-7.059803853,-1.569282503,-2.160968454,ABS,T3
point-0000148,35.954235251,41.620050238,3.004508487,-9.875444254,-1.564764001,-2.095984023,ABS,T3
point-0000149,36.217487420,38.170565355,3.824693173,-11.613614163,-1.556655217,-2.051822356,ABS,T3
point-0000150,36.451226572,34.957837308,4.882897330,-12.536235698,-1.544867554,-2.025295507,ABS,T3
point-0000151,36.662276762,32.060328345,6.144719403,-12.721270672,-1.530042409,-2.017454320,ABS,T3
point-0000152,36.862773953,29.442474985,7.588168298,-12.392482167,-1.512010510,-2.024222941,ABS,T3
point-0000153,37.058370656,27.091986147,9.177655234,-11.646292290,-1.491393405,-2.044669524,ABS,T3
point-0000154,37.252503929,25.009686699,10.872396918,-10.518631702,-1.469107183,-2.079644491,ABS,T3
point-0000155,37.448511810,23.136659341,12.659076583,-9.124415304,-1.444975880,-2.126166084,ABS,T3
point-0000156,37.647171321,21.455006066,14.510361266,-7.504369764,-1.419791779,-2.184158523,ABS,T3
point-0000157,37.848714813,19.955069343,16.400471411,-5.683072471,-1.394581069,-2.254360397,ABS,T3
point-0000158,38.053004357,18.594067381,18.331234709,-3.731143753,-1.369110576,-2.334211393,ABS,T3
point-0000159,38.259052978,17.368037870,20.288814335,-1.677527090,-1.344499341,-2.424182784,ABS,T3
point-0000160,38.465921796,16.272848065,22.268918057,0.445809375,-1.321765376,-2.524601917,ABS,T3
point-0000161,38.673209681,15.285488272,24.287256300,2.595063084,-1.299998884,-2.632444273,ABS,T3
point-0000162,38.879667108,14.415643569,26.341434409,4.743149000,-1.280349452,-2.748294327,ABS,T3
point-0000163,39.084841404,13.671077124,28.435925912,6.871631279,-1.263224023,-2.872084602,ABS,T3
point-0000164,39.289575428,13.052944006,30.567881422,8.993842794,-1.247238667,-3.002198084,ABS,T3
point-0000165,39.493128226,12.574444959,32.729541642,11.096425890,-1.233560879,-3.140179274,ABS,T3
point-0000166,39.695983040,12.244068324,34.909298769,13.193632862,-1.222210359,-3.286984225,ABS,T3
point-0000167,39.898281348,12.057447568,37.092924149,15.292439452,-1.213547193,-3.443949657,ABS,T3
point-0000168,40.097933180,12.000000000,39.300009891,17.315843634,-1.210279180,-3.612831411,ABS,T3
point-0000169,40.128725772,12.600707456,38.748933434,18.621954154,-1.176217964,-3.610801192,,
point-0000170,40.332633256,12.647918644,36.761880563,16.297195904,-1.182755937,-3.432449928,PLA,T0
point-0000171,40.539573108,12.807320476,34.776608435,13.916290892,-1.195376829,-3.268863451,PLA,T0
point-0000172,40.746402670,13.101749304,32.763076316,11.574463549,-1.210727520,-3.117834467,PLA,T0
point-0000173,40.953313923,13.538417822,30.736458742,9.264722919,-1.228349847,-2.977683833,PLA,T0
point-0000174,41.160509781,14.113499182,28.710948407,6.978707359,-1.247750579,-2.846721540,PLA,T0
point-0000175,41.367396694,14.814682978,26.699227475,4.722202542,-1.267890788,-2.723160351,PLA,T0
point-0000176,41.574982625,15.642967555,24.706222058,2.477752540,-1.290223096,-2.608470831,PLA,T0
point-0000177,41.782710381,16.591251082,22.732821182,0.260686480,-1.314141202,-2.502185857,PLA,T0
point-0000178,41.989461761,17.651705129,20.784009038,-1.906211865,-1.338692295,-2.403779928,PLA,T0
point-0000179,42.194958177,18.849035976,18.846539512,-3.983249524,-1.364797889,-2.316089227,PLA,T0
point-0000180,42.398322656,20.185453163,16.929468649,-5.943907189,-1.391395348,-2.238469375,PLA,T0
point-0000181,42.598688441,21.666898327,15.047774399,-7.759808545,-1.417524236,-2.170600817,PLA,T0
point-0000182,42.796073878,23.335461315,13.201851460,-9.364393688,-1.443425497,-2.114885485,PLA,T0
point-0000183,42.990767058,25.198405872,11.419818139,-10.736442367,-1.468084217,-2.070466240,PLA,T0
point-0000184,43.183689950,27.275637424,9.728697302,-11.831681535,-1.490807595,-2.037623671,PLA,T0
point-0000185,43.378325872,29.622847373,8.143489230,-12.539797217,-1.511746622,-2.019155679,PLA,T0
point-0000186,43.578087727,32.236255204,6.705947726,-12.826421875,-1.529986949,-2.014169687,PLA,T0
point-0000187,43.788878914,35.128757056,5.451015457,-12.589808129,-1.544956966,-2.023779421,PLA,T0
point-0000188,44.022604150,38.329021160,4.401277105,-11.616389725,-1.556796957,-2.051765015,PLA,T0
point-0000189,44.285656488,41.754764280,3.590137514,-9.834380626,-1.564882109,-2.096978409,PLA,T0
point-0000190,44.592311803,45.323943526,3.026987630,-6.987934561,-1.569349870,-2.162559914,PLA,T0
point-0000191,44.951295337,48.836506289,2.704073471,-2.919372864,-1.570827178,-2.248909806,PLA,T0
point-0000192,45.369695071,52.000000000,2.600000000,2.500000000,-1.570796327,-2.356194490,PLA,T0
point-0000193,46.495110541,12.000000000,39.300009891,17.315843634,-1.210279180,-4.398229574,,
point-0000194,46.694762373,12.057447568,37.092924149,15.292439452,-1.213547193,-4.229347820,PLA,T0
point-0000195,46.897060681,12.244068324,34.909298769,13.193632862,-1.222210359,-4.072382389,PLA,T0
point-0000196,47.099915495,12.574444959,32.729541642,11.096425890,-1.233560879,-3.925577437,PLA,T0
point-0000197,47.303468293,13.052944006,30.567881422,8.993842794,-1.247238667,-3.787596247,PLA,T0
point-0000198,47.508201898,13.671075728,28.435930233,6.871635622,-1.263223989,-3.657483025,PLA,T0
point-0000199,47.713376613,14.415643569,26.341434409,4.743149000,-1.280349452,-3.533692490,PLA,T0
point-0000200,47.919834040,15.285488272,24.287256300,2.595063084,-1.299998884,-3.417842436,PLA,T0
point-0000201,48.127121925,16.272848065,22.268918057,0.445809375,-1.321765376,-3.310000080,PLA,T0
point-0000202,48.333990743,17.368037870,20.288814335,-1.677527090,-1.344499341,-3.209580947,PLA,T0
point-0000203,48.540039364,18.594067381,18.331234709,-3.731143753,-1.369110576,-3.119609557,PLA,T0
point-0000204,48.744328908,19.955069343,16.400471411,-5.683072471,-1.394581069,-3.039758560,PLA,T0
point-0000205,48.945872400,21.455006066,14.510361266,-7.504369764,-1.419791779,-2.969556687,PLA,T0
point-0000206,49.144531911,23.136659341,12.659076583,-9.124415304,-1.444975880,-2.911564247,PLA,T0
point-0000207,49.340539792,25.009686699,10.872396918,-10.518631702,-1.469107183,-2.865042655,PLA,T0
point-0000208,49.534673065,27.091986147,9.177655234,-11.646292290,-1.491393405,-2.830067688,PLA,T0
point-0000209,49.730269768,29.442474985,7.588168298,-12.392482167,-1.512010510,-2.809621104,PLA,T0
point-0000210,49.930766959,32.060328345,6.144719403,-12.721270672,-1.530042409,-2.802852483,PLA,T0
point-0000211,50.141817149,34.957837308,4.882897330,-12.536235698,-1.544867554,-2.810693670,PLA,T0
point-0000212,50.375556301,38.170565355,3.824693173,-11.613614163,-1.556655217,-2.837220519,PLA,T0
point-0000213,50.638808470,41.620050238,3.004508487,-9.875444254,-1.564764001,-2.881382187,PLA,T0
point-0000214,50.946150320,45.225707278,2.434697736,-7.059803853,-1.569282503,-2.946366617,PLA,T0
point-0000215,51.307665639,48.787432778,2.106796441,-2.983949280,-1.570811018,-3.032984212,PLA,T0
point-0000216,51.731435458,52.000000000,2.000000000,2.500000000,-1.570796327,-3.141592654,PLA,T0
point-0000217,51.743435458,52.000000000,2.600000000,2.500000000,-1.570796327,-3.141592654,,
point-0000218,52.161835192,48.836506289,2.704073471,-2.919372864,-1.570827178,-3.034307970,PETG,T1
point-0000219,52.520818726,45.323943526,3.026987630,-6.987934561,-1.569349870,-2.947958077,PETG,T1
point-0000220,52.827474041,41.754764280,3.590137514,-9.834380626,-1.564882109,-2.882376573,PETG,T1
point-0000221,53.090526379,38.329021160,4.401277105,-11.616389725,-1.556796957,-2.837163178,PETG,T1
point-0000222,53.324251615,35.128757056,5.451015457,-12.589808129,-1.544956966,-2.809177585,PETG,T1
point-0000223,53.535042802,32.236255204,6.705947726,-12.826421875,-1.529986949,-2.799567850,PETG,T1
point-0000224,53.734804657,29.622847373,8.143489230,-12.539797217,-1.511746622,-2.804553842,PETG,T1
point-0000225,53.929440580,27.275637424,9.728697302,-11.831681535,-1.490807595,-2.823021834,PETG,T1
point-0000226,54.122363471,25.198405872,11.419818139,-10.736442367,-1.468084217,-2.855864404,PETG,T1
point-0000227,54.317056651,23.335461315,13.201851460,-9.364393688,-1.443425497,-2.900283648,PETG,T1
point-0000228,54.514442088,21.666898327,15.047774399,-7.759808545,-1.417524236,-2.955998980,PETG,T1
point-0000229,54.714807873,20.185453163,16.929468649,-5.943907189,-1.391395348,-3.023867538,PETG,T1
point-0000230,54.918172353,18.849035976,18.846539512,-3.983249524,-1.364797889,-3.101487390,PETG,T1
point-0000231,55.123668768,17.651705129,20.784009038,-1.906211865,-1.338692295,-3.189178091,PETG,T1
point-0000232,55.330420148,16.591251082,22.732821182,0.260686480,-1.314141202,-3.287584020,PETG,T1
point-0000233,55.538147904,15.642967555,24.706222058,2.477752540,-1.290223096,-3.393868994,PETG,T1
point-0000234,55.745733835,14.814682978,26.699227475,4.722202542,-1.267890788,-3.508558514,PETG,T1
point-0000235,55.952620748,14.113499179,28.710948409,6.978707361,-1.247750579,-3.632119703,PETG,T1
point-0000236,56.159816606,13.538417822,30.736458742,9.264722919,-1.228349847,-3.763081997,PETG,T1
point-0000237,56.366727859,13.101749304,32.763076316,11.574463549,-1.210727520,-3.903232631,PETG,T1
point-0000238,56.573557421,12.807320476,34.776608435,13.916290892,-1.195376829,-4.054261615,PETG,T1
point-0000239,56.780497273,12.647918644,36.761880563,16.297195904,-1.182755937,-4.217848091,PETG,T1
point-0000240,56.984404757,12.600707456,38.748933434,18.621954154,-1.176217964,-4.396199356,PETG,T1
point-0000241,58.109163534,52.000000000,2.000000000,2.500000000,-1.570796327,-3.926990817,,
point-0000242,58.532933353,48.787432778,2.106796441,-2.983949280,-1.570811018,-3.818382375,PETG,T1
point-0000243,58.894448672,45.225707278,2.434697736,-7.059803853,-1.569282503,-3.731764781,PETG,T1
point-0000244,59.201790521,41.620050238,3.004508487,-9.875444254,-1.564764001,-3.666780350,PETG,T1
point-0000245,59.465042690,38.170565355,3.824693173,-11.613614163,-1.556655217,-3.622618683,PETG,T1
point-0000246,59.698781843,34.957837308,4.882897330,-12.536235698,-1.544867554,-3.596091834,PETG,T1
point-0000247,59.909832032,32.060328345,6.144719403,-12.721270672,-1.530042409,-3.588250647,PETG,T1
point-0000248,60.110329223,29.442474985,7.588168298,-12.392482167,-1.512010510,-3.595019268,PETG,T1
point-0000249,60.305925927,27.091986147,9.177655234,-11.646292290,-1.491393405,-3.615465851,PETG,T1
point-0000250,60.500059200,25.009686699,10.872396918,-10.518631702,-1.469107183,-3.650440818,PETG,T1
point-0000251,60.696067081,23.136659341,12.659076583,-9.124415304,-1.444975880,-3.696962411,PETG,T1
point-0000252,60.894726591,21.455006066,14.510361266,-7.504369764,-1.419791779,-3.754954850,PETG,T1
point-0000253,61.096270084,19.955069343,16.400471411,-5.683072471,-1.394581069,-3.825156724,PETG,T1
point-0000254,61.300559627,18.594067381,18.331234709,-3.731143753,-1.369110576,-3.905007720,PETG,T1
point-0000255,61.506608249,17.368037870,20.288814335,-1.677527090,-1.344499341,-3.994979111,PETG,T1
point-0000256,61.713477066,16.272848065,22.268918057,0.445809375,-1.321765376,-4.095398244,PETG,T1
point-0000257,61.920765360,15.285486435,24.287260319,2.595067334,-1.299998843,-4.203240820,PETG,T1
point-0000258,62.127222379,14.415643569,26.341434409,4.743149000,-1.280349452,-4.319090653,PETG,T1
point-0000259,62.332397094,13.671075728,28.435930233,6.871635622,-1.263223989,-4.442881188,PETG,T1
point-0000260,62.537130698,13.052944006,30.567881422,8.993842794,-1.247238667,-4.572994411,PETG,T1
point-0000261,62.740683497,12.574444959,32.729541642,11.096425890,-1.233560879,-4.710975601,PETG,T1
point-0000262,62.943538310,12.244068324,34.909298769,13.193632862,-1.222210359,-4.857780552,PETG,T1
point-0000263,63.145836618,12.057447568,37.092924149,15.292439452,-1.213547193,-5.014745984,PETG,T1
point-0000264,63.345488450,12.000000000,39.300009891,17.315843634,-1.210279180,-5.183627738,PETG,T1
point-0000265,63.376281043,12.600707456,38.748933434,18.621954154,-1.176217964,-5.181597519,,
point-0000266,63.580188527,12.647918644,36.761880563,16.297195904,-1.182755937,-5.003246254,PA,T2
point-0000267,63.787128379,12.807320476,34.776608435,13.916290892,-1.195376829,-4.839659778,PA,T2
point-0000268,63.993957941,13.101749304,32.763076316,11.574463549,-1.210727520,-4.688630794,PA,T2
point-0000269,64.200869194,13.538417822,30.736458742,9.264722919,-1.228349847,-4.548480160,PA,T2
point-0000270,64.408065052,14.113499179,28.710948409,6.978707361,-1.247750579,-4.417517867,PA,T2
point-0000271,64.614951965,14.814682978,26.699227475,4.722202542,-1.267890788,-4.293956678,PA,T2
point-0000272,64.822537896,15.642967554,24.706222059,2.477752542,-1.290223096,-4.179267157,PA,T2
point-0000273,65.030265651,16.591251082,22.732821182,0.260686480,-1.314141202,-4.072982183,PA,T2
point-0000274,65.237017032,17.651705129,20.784009038,-1.906211865,-1.338692295,-3.974576255,PA,T2
point-0000275,65.442513447,18.849035976,18.846539512,-3.983249524,-1.364797889,-3.886885553,PA,T2
point-0000276,65.645877926,20.185453163,16.929468649,-5.943907189,-1.391395348,-3.809265702,PA,T2
point-0000277,65.846243712,21.666898327,15.047774399,-7.759808545,-1.417524236,-3.741397144,PA,T2
point-0000278,66.043629149,23.335461315,13.201851460,-9.364393688,-1.443425497,-3.685681812,PA,T2
point-0000279,66.238322329,25.198405872,11.419818139,-10.736442367,-1.468084217,-3.641262567,PA,T2
point-0000280,66.431245220,27.275637424,9.728697302,-11.831681535,-1.490807595,-3.608419998,PA,T2
point-0000281,66.625881142,29.622847373,8.143489230,-12.539797217,-1.511746622,-3.589952006,PA,T2
point-0000282,66.825642998,32.236255204,6.705947726,-12.826421875,-1.529986949,-3.584966014,PA,T2
point-0000283,67.036434185,35.128757056,5.451015457,-12.589808129,-1.544956966,-3.594575748,PA,T2
point-0000284,67.270159421,38.329021160,4.401277105,-11.616389725,-1.556796957,-3.622561342,PA,T2
point-0000285,67.533211759,41.754764280,3.590137514,-9.834380626,-1.564882109,-3.667774736,PA,T2
point-0000286,67.839867074,45.323943526,3.026987630,-6.987934561,-1.569349870,-3.733356240,PA,T2
point-0000287,68.198850608,48.836506289,2.704073471,-2.919372864,-1.570827178,-3.819706133,PA,T2
point-0000288,68.617250342,52.000000000,2.600000000,2.500000000,-1.570796327,-3.926990817,PA,T2
point-0000289,69.742665812,12.000000000,39.300009891,17.315843634,-1.210279180,-5.969025901,,
point-0000290,69.942317644,12.057447568,37.092924149,15.292439452,-1.213547193,-5.800144147,PA,T2
point-0000291,70.144615952,12.244068324,34.909298769,13.193632862,-1.222210359,-5.643178715,PA,T2
point-0000292,70.347470765,12.574444959,32.729541642,11.096425890,-1.233560879,-5.496373764,PA,T2
point-0000293,70.551023564,13.052944006,30.567881422,8.993842794,-1.247238667,-5.358392574,PA,T2
point-0000294,70.755757587,13.671077124,28.435925912,6.871631279,-1.263224023,-5.228279093,PA,T2
point-0000295,70.960931883,14.415643569,26.341434409,4.743149000,-1.280349452,-5.104488817,PA,T2
point-0000296,71.167389311,15.285488272,24.287256300,2.595063084,-1.299998884,-4.988638763,PA,T2
point-0000297,71.374677196,16.272848065,22.268918057,0.445809375,-1.321765376,-4.880796407,PA,T2
point-0000298,71.581546013,17.368037870,20.288814335,-1.677527090,-1.344499341,-4.780377274,PA,T2
point-0000299,71.787594635,18.594067381,18.331234709,-3.731143753,-1.369110576,-4.690405883,PA,T2
point-0000300,71.991884178,19.955069343,16.400471411,-5.683072471,-1.394581069,-4.610554887,PA,T2
point-0000301,72.193427671,21.455006066,14.510361266,-7.504369764,-1.419791779,-4.540353014,PA,T2
point-0000302,72.392087182,23.136659341,12.659076583,-9.124415304,-1.444975880,-4.482360574,PA,T2
point-0000303,72.588095062,25.009686699,10.872396918,-10.518631702,-1.469107183,-4.435838982,PA,T2
point-0000304,72.782228336,27.091986147,9.177655234,-11.646292290,-1.491393405,-4.400864014,PA,T2
point-0000305,72.977825039,29.442474985,7.588168298,-12.392482167,-1.512010510,-4.380417431,PA,T2
point-0000306,73.178322230,32.060328345,6.144719403,-12.721270672,-1.530042409,-4.373648810,PA,T2
point-0000307,73.389372420,34.957837308,4.882897330,-12.536235698,-1.544867554,-4.381489997,PA,T2
point-0000308,73.623111572,38.170565355,3.824693173,-11.613614163,-1.556655217,-4.408016846,PA,T2
point-0000309,73.886363741,41.620050238,3.004508487,-9.875444254,-1.564764001,-4.452178514,PA,T2
point-0000310,74.193705591,45.225707278,2.434697736,-7.059803853,-1.569282503,-4.517162944,PA,T2
point-0000311,74.555220910,48.787432778,2.106796441,-2.983949280,-1.570811018,-4.603780539,PA,T2
point-0000312,74.978990728,52.000000000,2.000000000,2.500000000,-1.570796327,-4.712388980,PA,T2
point-0000313,74.990990728,52.000000000,2.600000000,2.500000000,-1.570796327,-4.712388980,,
point-0000314,75.409390463,48.836506289,2.704073471,-2.919372864,-1.570827178,-4.605104296,ABS,T3
point-0000315,75.768373997,45.323943526,3.026987630,-6.987934561,-1.569349870,-4.518754404,ABS,T3
point-0000316,76.075029312,41.754764280,3.590137514,-9.834380626,-1.564882109,-4.453172899,ABS,T3
point-0000317,76.338081649,38.329021160,4.401277105,-11.616389725,-1.556796957,-4.407959505,ABS,T3
point-0000318,76.571806885,35.128757056,5.451015457,-12.589808129,-1.544956966,-4.379973911,ABS,T3
point-0000319,76.782598073,32.236255204,6.705947726,-12.826421875,-1.529986949,-4.370364177,ABS,T3
point-0000320,76.982359928,29.622847373,8.143489230,-12.539797217,-1.511746622,-4.375350169,ABS,T3
point-0000321,77.176995850,27.275637424,9.728697302,-11.831681535,-1.490807595,-4.393818161,ABS,T3
point-0000322,77.369918741,25.198405872,11.419818139,-10.736442367,-1.468084217,-4.426660731,ABS,T3
point-0000323,77.564611922,23.335461315,13.201851460,-9.364393688,-1.443425497,-4.471079975,ABS,T3
point-0000324,77.761997359,21.666898327,15.047774399,-7.759808545,-1.417524236,-4.526795307,ABS,T3
point-0000325,77.962363144,20.185453163,16.929468649,-5.943907189,-1.391395348,-4.594663865,ABS,T3
point-0000326,78.165727623,18.849035976,18.846539512,-3.983249524,-1.364797889,-4.672283717,ABS,T3
point-0000327,78.371224038,17.651705129,20.784009038,-1.906211865,-1.338692295,-4.759974418,ABS,T3
point-0000328,78.577975419,16.591251082,22.732821182,0.260686480,-1.314141202,-4.858380347,ABS,T3
point-0000329,78.785703174,15.642967555,24.706222058,2.477752540,-1.290223096,-4.964665321,ABS,T3
point-0000330,78.993289106,14.814682978,26.699227475,4.722202542,-1.267890788,-5.079354841,ABS,T3
point-0000331,79.200176019,14.113499182,28.710948407,6.978707359,-1.247750579,-5.202916030,ABS,T3
point-0000332,79.407371877,13.538417822,30.736458742,9.264722919,-1.228349847,-5.333878323,ABS,T3
point-0000333,79.614283129,13.101749304,32.763076316,11.574463549,-1.210727520,-5.474028957,ABS,T3
point-0000334,79.821112691,12.807320476,34.776608435,13.916290892,-1.195376829,-5.625057942,ABS,T3
point-0000335,80.028052544,12.647918644,36.761880563,16.297195904,-1.182755937,-5.788644418,ABS,T3
point-0000336,80.231960027,12.600707456,38.748933434,18.621954154,-1.176217964,-5.966995683,ABS,T3
point-0000337,81.356718805,52.000000000,2.000000000,2.500000000,-1.570796327,-5.497787144,,
point-0000338,81.780488623,48.787432778,2.106796441,-2.983949280,-1.570811018,-5.389178702,ABS,T3
point-0000339,82.142003942,45.225707278,2.434697736,-7.059803853,-1.569282503,-5.302561107,ABS,T3
point-0000340,82.449345792,41.620050238,3.004508487,-9.875444254,-1.564764001,-5.237576677,ABS,T3
point-0000341,82.712597961,38.170565355,3.824693173,-11.613614163,-1.556655217,-5.193415009,ABS,T3
point-0000342,82.946337113,34.957837308,4.882897330,-12.536235698,-1.544867554,-5.166888160,ABS,T3
point-0000343,83.157387303,32.060328345,6.144719403,-12.721270672,-1.530042409,-5.159046974,ABS,T3
point-0000344,83.357884494,29.442474985,7.588168298,-12.392482167,-1.512010510,-5.165815594,ABS,T3
point-0000345,83.553481197,27.091986147,9.177655234,-11.646292290,-1.491393405,-5.186262178,ABS,T3
point-0000346,83.747614471,25.009686699,10.872396918,-10.518631702,-1.469107183,-5.221237145,ABS,T3
point-0000347,83.943622351,23.136659341,12.659076583,-9.124415304,-1.444975880,-5.267758737,ABS,T3
point-0000348,84.142281862,21.455006066,14.510361266,-7.504369764,-1.419791779,-5.325751177,ABS,T3
point-0000349,84.343825354,19.955069343,16.400471411,-5.683072471,-1.394581069,-5.395953051,ABS,T3
point-0000350,84.548114898,18.594067381,18.331234709,-3.731143753,-1.369110576,-5.475804047,ABS,T3
point-0000351,84.754163520,17.368037870,20.288814335,-1.677527090,-1.344499341,-5.565775437,ABS,T3
point-0000352,84.961032337,16.272848065,22.268918057,0.445809375,-1.321765376,-5.666194570,ABS,T3
point-0000353,85.168320222,15.285488272,24.287256300,2.595063084,-1.299998884,-5.774036926,ABS,T3
point-0000354,85.374777649,14.415643569,26.341434409,4.743149000,-1.280349452,-5.889886980,ABS,T3
point-0000355,85.579951946,13.671077124,28.435925912,6.871631279,-1.263224023,-6.013677256,ABS,T3
point-0000356,85.784685969,13.052944006,30.567881422,8.993842794,-1.247238667,-6.143790737,ABS,T3
point-0000357,85.988238768,12.574444959,32.729541642,11.096425890,-1.233560879,-6.281771928,ABS,T3
point-0000358,90.793499593,-12.244068324,-34.909298769,13.193632862,1.222210359,-3.286984225,ABS,T3
point-0000359,90.995797901,-12.057447568,-37.092924149,15.292439452,1.213547193,-3.443949657,ABS,T3
point-0000360,91.195449734,-12.000000000,-39.300009891,17.315843634,1.210279180,-3.612831411,ABS,T3
point-0000361,91.226242326,-12.600707456,-38.748933434,18.621954154,1.176217964,-3.610801192,,
point-0000362,91.430149810,-12.647918644,-36.761880563,16.297195904,1.182755937,-3.432449928,PLA,T0
point-0000363,91.637089662,-12.807320476,-34.776608435,13.916290892,1.195376829,-3.268863451,PLA,T0
point-0000364,91.843919224,-13.101749304,-32.763076316,11.574463549,1.210727520,-3.117834467,PLA,T0
point-0000365,92.050830477,-13.538417822,-30.736458742,9.264722919,1.228349847,-2.977683833,PLA,T0
point-0000366,92.258026335,-14.113499182,-28.710948407,6.978707359,1.247750579,-2.846721540,PLA,T0
point-0000367,92.464913248,-14.814682978,-26.699227475,4.722202542,1.267890788,-2.723160351,PLA,T0
point-0000368,92.672499179,-15.642967555,-24.706222058,2.477752540,1.290223096,-2.608470831,PLA,T0
point-0000369,92.880226934,-16.591251082,-22.732821182,0.260686480,1.314141202,-2.502185857,PLA,T0
point-0000370,93.086978315,-17.651705129,-20.784009038,-1.906211865,1.338692295,-2.403779928,PLA,T0
point-0000371,93.292474730,-18.849035976,-18.846539512,-3.983249524,1.364797889,-2.316089227,PLA,T0
point-0000372,93.495839210,-20.185453163,-16.929468649,-5.943907189,1.391395348,-2.238469375,PLA,T0
point-0000373,93.696204995,-21.666898327,-15.047774399,-7.759808545,1.417524236,-2.170600817,PLA,T0
point-0000374,93.893590432,-23.335461315,-13.201851460,-9.364393688,1.443425497,-2.114885485,PLA,T0
point-0000375,94.088283612,-25.198405872,-11.419818139,-10.736442367,1.468084217,-2.070466240,PLA,T0
point-0000376,94.281206503,-27.275637424,-9.728697302,-11.831681535,1.490807595,-2.037623671,PLA,T0
point-0000377,94.475842425,-29.622847373,-8.143489230,-12.539797217,1.511746622,-2.019155679,PLA,T0
point-0000378,94.675604281,-32.236255204,-6.705947726,-12.826421875,1.529986949,-2.014169687,PLA,T0
point-0000379,94.886395468,-35.128757056,-5.451015457,-12.589808129,1.544956966,-2.023779421,PLA,T0
point-0000380,95.120120704,-38.329021160,-4.401277105,-11.616389725,1.556796957,-2.051765015,PLA,T0
point-0000381,95.383173042,-41.754764280,-3.590137514,-9.834380626,1.564882109,-2.096978409,PLA,T0
point-0000382,95.689828357,-45.323943526,-3.026987630,-6.987934561,1.569349870,-2.162559914,PLA,T0
point-0000383,96.048811891,-48.836506289,-2.704073471,-2.919372864,1.570827178,-2.248909806,PLA,T0
point-0000384,96.467211625,-52.000000000,-2.600000000,2.500000000,1.570796327,-2.356194490,PLA,T0
