source_point_id,time_s,rotary_phase_rad,X,Y,Z,A_rad,C_rad
point-0000001,0.000000000,0.000000000,-230.000000000,-255.000000000,275.300000000,1.570796327,1.570796327
point-0000002,0.500000000,0.000000000,-230.000000000,-255.000000000,274.300000000,1.570796327,1.570796327
point-0000003,1.372664626,0.087266463,-206.464287447,-255.000000000,293.356442336,1.570796327,1.483529864
point-0000004,2.245329252,0.174532925,-181.357256999,-255.000000000,310.289096647,1.570796327,1.396263402
point-0000005,3.117993878,0.261799388,-154.869988320,-255.000000000,324.969095209,1.570796327,1.308996939
point-0000006,3.990658504,0.349065850,-127.204065516,-255.000000000,337.284714369,1.570796327,1.221730476
point-0000007,4.863323130,0.436332313,-98.570042966,-255.000000000,347.142224830,1.570796327,1.134464014
point-0000008,5.735987756,0.523598776,-69.185842870,-255.000000000,354.466604984,1.570796327,1.047197551
point-0000009,6.608652382,0.610865238,-39.275096735,-255.000000000,359.202111876,1.570796327,0.959931089
point-0000010,7.481317008,0.698131701,-9.065443399,-255.000000000,361.312705439,1.570796327,0.872664626
point-0000011,8.353981634,0.785398163,21.213203436,-255.000000000,360.782322781,1.570796327,0.785398163
point-0000012,9.226646260,0.872664626,51.330404983,-255.000000000,357.615000436,1.570796327,0.698131701
point-0000013,10.099310886,0.959931089,81.056951154,-255.000000000,351.834843638,1.570796327,0.610865238
point-0000014,10.971975512,1.047197551,110.166604984,-255.000000000,343.485842870,1.570796327,0.523598776
point-0000015,11.844640138,1.134464014,138.437824429,-255.000000000,332.631539071,1.570796327,0.436332313
point-0000016,12.717304764,1.221730476,165.655448439,-255.000000000,319.354540045,1.570796327,0.349065850
point-0000017,13.589969390,1.308996939,191.612334462,-255.000000000,303.755891773,1.570796327,0.261799388
point-0000018,14.462634016,1.396263402,216.110934920,-255.000000000,285.954309386,1.570796327,0.174532925
point-0000019,15.335298642,1.483529864,238.964800672,-255.000000000,266.085273675,1.570796327,0.087266463
point-0000020,16.207963268,1.570796327,260.000000000,-255.000000000,244.300000000,1.570796327,0.000000000
point-0000021,17.080627894,1.658062789,279.056442336,-255.000000000,220.764287447,1.570796327,-0.087266463
point-0000022,17.953292520,1.745329252,295.989096647,-255.000000000,195.657256999,1.570796327,-0.174532925
point-0000023,18.825957146,1.832595715,310.669095209,-255.000000000,169.169988320,1.570796327,-0.261799388
point-0000024,19.698621772,1.919862177,322.984714369,-255.000000000,141.504065516,1.570796327,-0.349065850
point-0000025,20.571286398,2.007128640,332.842224830,-255.000000000,112.870042966,1.570796327,-0.436332313
point-0000026,21.443951024,2.094395102,340.166604984,-255.000000000,83.485842870,1.570796327,-0.523598776
point-0000027,22.316615650,2.181661565,344.902111876,-255.000000000,53.575096735,1.570796327,-0.610865238
point-0000028,23.189280276,2.268928028,347.012705439,-255.000000000,23.365443399,1.570796327,-0.698131701
point-0000029,24.061944902,2.356194490,346.482322781,-255.000000000,-6.913203436,1.570796327,-0.785398163
point-0000030,24.934609528,2.443460953,343.315000436,-255.000000000,-37.030404983,1.570796327,-0.872664626
point-0000031,25.807274154,2.530727415,337.534843638,-255.000000000,-66.756951154,1.570796327,-0.959931089
point-0000032,26.679938780,2.617993878,329.185842870,-255.000000000,-95.866604984,1.570796327,-1.047197551
point-0000033,27.552603406,2.705260341,318.331539071,-255.000000000,-124.137824429,1.570796327,-1.134464014
point-0000034,28.425268032,2.792526803,305.054540045,-255.000000000,-151.355448439,1.570796327,-1.221730476
point-0000035,29.297932658,2.879793266,289.455891773,-255.000000000,-177.312334462,1.570796327,-1.308996939
point-0000036,30.170597284,2.967059728,271.654309386,-255.000000000,-201.810934920,1.570796327,-1.396263402
point-0000037,31.043261910,3.054326191,251.785273675,-255.000000000,-224.664800672,1.570796327,-1.483529864
point-0000038,31.915926536,3.141592654,230.000000000,-255.000000000,-245.700000000,1.570796327,-1.570796327
point-0000039,32.788591162,3.228859116,206.464287447,-255.000000000,-264.756442336,1.570796327,-1.658062789
point-0000040,33.661255788,3.316125579,181.357256999,-255.000000000,-281.689096647,1.570796327,-1.745329252
point-0000041,34.533920414,3.403392041,154.869988320,-255.000000000,-296.369095209,1.570796327,-1.832595715
point-0000042,35.406585040,3.490658504,127.204065516,-255.000000000,-308.684714369,1.570796327,-1.919862177
point-0000043,36.279249666,3.577924967,98.570042966,-255.000000000,-318.542224830,1.570796327,-2.007128640
point-0000044,37.151914292,3.665191429,69.185842870,-255.000000000,-325.866604984,1.570796327,-2.094395102
point-0000045,38.024578918,3.752457892,39.275096735,-255.000000000,-330.602111876,1.570796327,-2.181661565
point-0000046,38.897243544,3.839724354,9.065443399,-255.000000000,-332.712705439,1.570796327,-2.268928028
point-0000047,39.769908170,3.926990817,-21.213203436,-255.000000000,-332.182322781,1.570796327,-2.356194490
point-0000048,40.642572796,4.014257280,-51.330404983,-255.000000000,-329.015000436,1.570796327,-2.443460953
point-0000049,41.515237422,4.101523742,-81.056951154,-255.000000000,-323.234843638,1.570796327,-2.530727415
point-0000050,42.387902048,4.188790205,-110.166604984,-255.000000000,-314.885842870,1.570796327,-2.617993878
point-0000051,43.260566674,4.276056667,-138.437824429,-255.000000000,-304.031539071,1.570796327,-2.705260341
point-0000052,44.133231300,4.363323130,-165.655448439,-255.000000000,-290.754540045,1.570796327,-2.792526803
point-0000053,45.005895926,4.450589593,-191.612334462,-255.000000000,-275.155891773,1.570796327,-2.879793266
point-0000054,45.878560552,4.537856055,-216.110934920,-255.000000000,-257.354309386,1.570796327,-2.967059728
point-0000055,46.751225178,4.625122518,-238.964800672,-255.000000000,-237.485273675,1.570796327,-3.054326191
point-0000056,47.623889804,4.712388980,-260.000000000,-255.000000000,-215.700000000,1.570796327,-3.141592654
point-0000057,48.496554430,4.799655443,-279.056442336,-255.000000000,-192.164287447,1.570796327,-3.228859116
point-0000058,49.369219056,4.886921906,-295.989096647,-255.000000000,-167.057256999,1.570796327,-3.316125579
point-0000059,50.241883682,4.974188368,-310.669095209,-255.000000000,-140.569988320,1.570796327,-3.403392041
point-0000060,51.114548308,5.061454831,-322.984714369,-255.000000000,-112.904065516,1.570796327,-3.490658504
point-0000061,51.987212934,5.148721293,-332.842224830,-255.000000000,-84.270042966,1.570796327,-3.577924967
point-0000062,52.859877560,5.235987756,-340.166604984,-255.000000000,-54.885842870,1.570796327,-3.665191429
point-0000063,53.732542186,5.323254219,-344.902111876,-255.000000000,-24.975096735,1.570796327,-3.752457892
point-0000064,54.605206812,5.410520681,-347.012705439,-255.000000000,5.234556601,1.570796327,-3.839724354
point-0000065,55.477871438,5.497787144,-346.482322781,-255.000000000,35.513203436,1.570796327,-3.926990817
point-0000066,56.350536064,5.585053606,-343.315000436,-255.000000000,65.630404983,1.570796327,-4.014257280
point-0000067,57.223200690,5.672320069,-337.534843638,-255.000000000,95.356951154,1.570796327,-4.101523742
point-0000068,58.095865316,5.759586532,-329.185842870,-255.000000000,124.466604984,1.570796327,-4.188790205
point-0000069,58.968529942,5.846852994,-318.331539071,-255.000000000,152.737824429,1.570796327,-4.276056667
point-0000070,59.841194568,5.934119457,-305.054540045,-255.000000000,179.955448439,1.570796327,-4.363323130
point-0000071,60.713859194,6.021385919,-289.455891773,-255.000000000,205.912334462,1.570796327,-4.450589593
point-0000072,61.586523820,6.108652382,-271.654309386,-255.000000000,230.410934920,1.570796327,-4.537856055
point-0000073,62.459188446,6.195918845,-251.785273675,-255.000000000,253.264800672,1.570796327,-4.625122518
point-0000074,63.331853072,6.283185307,-230.000000000,-255.000000000,274.300000000,1.570796327,-4.712388980
point-0000075,64.231853072,6.283185307,-230.000000000,-255.000000000,276.100000000,1.570796327,-4.712388980
point-0000076,64.731853072,6.283185307,-230.000000000,-255.000000000,275.100000000,1.570796327,-4.712388980
point-0000077,65.604517698,6.195918845,-251.785273675,-255.000000000,254.064800672,1.570796327,-4.625122518
point-0000078,66.477182324,6.108652382,-271.654309386,-255.000000000,231.210934920,1.570796327,-4.537856055
point-0000079,67.349846950,6.021385919,-289.455891773,-255.000000000,206.712334462,1.570796327,-4.450589593
point-0000080,68.222511576,5.934119457,-305.054540045,-255.000000000,180.755448439,1.570796327,-4.363323130
point-0000081,69.095176202,5.846852994,-318.331539071,-255.000000000,153.537824429,1.570796327,-4.276056667
point-0000082,69.967840828,5.759586532,-329.185842870,-255.000000000,125.266604984,1.570796327,-4.188790205
point-0000083,70.840505454,5.672320069,-337.534843638,-255.000000000,96.156951154,1.570796327,-4.101523742
point-0000084,71.713170080,5.585053606,-343.315000436,-255.000000000,66.430404983,1.570796327,-4.014257280
point-0000085,72.585834706,5.497787144,-346.482322781,-255.000000000,36.313203436,1.570796327,-3.926990817
point-0000086,73.458499332,5.410520681,-347.012705439,-255.000000000,6.034556601,1.570796327,-3.839724354
point-0000087,74.331163958,5.323254219,-344.902111876,-255.000000000,-24.175096735,1.570796327,-3.752457892
point-0000088,75.203828584,5.235987756,-340.166604984,-255.000000000,-54.085842870,1.570796327,-3.665191429
point-0000089,76.076493210,5.148721293,-332.842224830,-255.000000000,-83.470042966,1.570796327,-3.577924967
point-0000090,76.949157836,5.061454831,-322.984714369,-255.000000000,-112.104065516,1.570796327,-3.490658504
point-0000091,77.821822462,4.974188368,-310.669095209,-255.000000000,-139.769988320,1.570796327,-3.403392041
point-0000092,78.694487088,4.886921906,-295.989096647,-255.000000000,-166.257256999,1.570796327,-3.316125579
point-0000093,79.567151714,4.799655443,-279.056442336,-255.000000000,-191.364287447,1.570796327,-3.228859116
point-0000094,80.439816340,4.712388980,-260.000000000,-255.000000000,-214.900000000,1.570796327,-3.141592654
point-0000095,81.312480966,4.625122518,-238.964800672,-255.000000000,-236.685273675,1.570796327,-3.054326191
point-0000096,82.185145592,4.537856055,-216.110934920,-255.000000000,-256.554309386,1.570796327,-2.967059728
point-0000097,83.057810218,4.450589593,-191.612334462,-255.000000000,-274.355891773,1.570796327,-2.879793266
point-0000098,83.930474844,4.363323130,-165.655448439,-255.000000000,-289.954540045,1.570796327,-2.792526803
point-0000099,84.803139470,4.276056667,-138.437824429,-255.000000000,-303.231539071,1.570796327,-2.705260341
point-0000100,85.675804096,4.188790205,-110.166604984,-255.000000000,-314.085842870,1.570796327,-2.617993878
point-0000101,86.548468722,4.101523742,-81.056951154,-255.000000000,-322.434843638,1.570796327,-2.530727415
point-0000102,87.421133348,4.014257280,-51.330404983,-255.000000000,-328.215000436,1.570796327,-2.443460953
point-0000103,88.293797974,3.926990817,-21.213203436,-255.000000000,-331.382322781,1.570796327,-2.356194490
point-0000104,89.166462600,3.839724354,9.065443399,-255.000000000,-331.912705439,1.570796327,-2.268928028
point-0000105,90.039127226,3.752457892,39.275096735,-255.000000000,-329.802111876,1.570796327,-2.181661565
point-0000106,90.911791852,3.665191429,69.185842870,-255.000000000,-325.066604984,1.570796327,-2.094395102
point-0000107,91.784456478,3.577924967,98.570042966,-255.000000000,-317.742224830,1.570796327,-2.007128640
point-0000108,92.657121104,3.490658504,127.204065516,-255.000000000,-307.884714369,1.570796327,-1.919862177
point-0000109,93.529785730,3.403392041,154.869988320,-255.000000000,-295.569095209,1.570796327,-1.832595715
point-0000110,94.402450356,3.316125579,181.357256999,-255.000000000,-280.889096647,1.570796327,-1.745329252
point-0000111,95.275114982,3.228859116,206.464287447,-255.000000000,-263.956442336,1.570796327,-1.658062789
point-0000112,96.147779608,3.141592654,230.000000000,-255.000000000,-244.900000000,1.570796327,-1.570796327
point-0000113,97.020444234,3.054326191,251.785273675,-255.000000000,-223.864800672,1.570796327,-1.483529864
point-0000114,97.893108860,2.967059728,271.654309386,-255.000000000,-201.010934920,1.570796327,-1.396263402
point-0000115,98.765773486,2.879793266,289.455891773,-255.000000000,-176.512334462,1.570796327,-1.308996939
point-0000116,99.638438112,2.792526803,305.054540045,-255.000000000,-150.555448439,1.570796327,-1.221730476
point-0000117,100.511102738,2.705260341,318.331539071,-255.000000000,-123.337824429,1.570796327,-1.134464014
point-0000118,101.383767364,2.617993878,329.185842870,-255.000000000,-95.066604984,1.570796327,-1.047197551
point-0000119,102.256431990,2.530727415,337.534843638,-255.000000000,-65.956951154,1.570796327,-0.959931089
point-0000120,103.129096616,2.443460953,343.315000436,-255.000000000,-36.230404983,1.570796327,-0.872664626
point-0000121,104.001761242,2.356194490,346.482322781,-255.000000000,-6.113203436,1.570796327,-0.785398163
point-0000122,104.874425868,2.268928028,347.012705439,-255.000000000,24.165443399,1.570796327,-0.698131701
point-0000123,105.747090494,2.181661565,344.902111876,-255.000000000,54.375096735,1.570796327,-0.610865238
point-0000124,106.619755120,2.094395102,340.166604984,-255.000000000,84.285842870,1.570796327,-0.523598776
point-0000125,107.492419746,2.007128640,332.842224830,-255.000000000,113.670042966,1.570796327,-0.436332313
point-0000126,108.365084372,1.919862177,322.984714369,-255.000000000,142.304065516,1.570796327,-0.349065850
point-0000127,109.237748998,1.832595715,310.669095209,-255.000000000,169.969988320,1.570796327,-0.261799388
point-0000128,110.110413624,1.745329252,295.989096647,-255.000000000,196.457256999,1.570796327,-0.174532925
point-0000129,110.983078250,1.658062789,279.056442336,-255.000000000,221.564287447,1.570796327,-0.087266463
point-0000130,111.855742876,1.570796327,260.000000000,-255.000000000,245.100000000,1.570796327,0.000000000
point-0000131,112.728407502,1.483529864,238.964800672,-255.000000000,266.885273675,1.570796327,0.087266463
point-0000132,113.601072128,1.396263402,216.110934920,-255.000000000,286.754309386,1.570796327,0.174532925
point-0000133,114.473736754,1.308996939,191.612334462,-255.000000000,304.555891773,1.570796327,0.261799388
point-0000134,115.346401380,1.221730476,165.655448439,-255.000000000,320.154540045,1.570796327,0.349065850
point-0000135,116.219066006,1.134464014,138.437824429,-255.000000000,333.431539071,1.570796327,0.436332313
point-0000136,117.091730632,1.047197551,110.166604984,-255.000000000,344.285842870,1.570796327,0.523598776
point-0000137,117.964395258,0.959931089,81.056951154,-255.000000000,352.634843638,1.570796327,0.610865238
point-0000138,118.837059884,0.872664626,51.330404983,-255.000000000,358.415000436,1.570796327,0.698131701
point-0000139,119.709724510,0.785398163,21.213203436,-255.000000000,361.582322781,1.570796327,0.785398163
point-0000140,120.582389136,0.698131701,-9.065443399,-255.000000000,362.112705439,1.570796327,0.872664626
point-0000141,121.455053762,0.610865238,-39.275096735,-255.000000000,360.002111876,1.570796327,0.959931089
point-0000142,122.327718388,0.523598776,-69.185842870,-255.000000000,355.266604984,1.570796327,1.047197551
point-0000143,123.200383014,0.436332313,-98.570042966,-255.000000000,347.942224830,1.570796327,1.134464014
point-0000144,124.073047640,0.349065850,-127.204065516,-255.000000000,338.084714369,1.570796327,1.221730476
point-0000145,124.945712266,0.261799388,-154.869988320,-255.000000000,325.769095209,1.570796327,1.308996939
point-0000146,125.818376892,0.174532925,-181.357256999,-255.000000000,311.089096647,1.570796327,1.396263402
point-0000147,126.691041518,0.087266463,-206.464287447,-255.000000000,294.156442336,1.570796327,1.483529864
point-0000148,127.563706144,0.000000000,-230.000000000,-255.000000000,275.100000000,1.570796327,1.570796327
point-0000149,128.463706144,0.000000000,-230.000000000,-255.000000000,276.900000000,1.570796327,1.570796327
point-0000150,128.963706144,0.000000000,-230.000000000,-255.000000000,275.900000000,1.570796327,1.570796327
point-0000151,129.836370770,0.087266463,-206.464287447,-255.000000000,294.956442336,1.570796327,1.483529864
point-0000152,130.709035396,0.174532925,-181.357256999,-255.000000000,311.889096647,1.570796327,1.396263402
point-0000153,131.581700022,0.261799388,-154.869988320,-255.000000000,326.569095209,1.570796327,1.308996939
point-0000154,132.454364648,0.349065850,-127.204065516,-255.000000000,338.884714369,1.570796327,1.221730476
point-0000155,133.327029274,0.436332313,-98.570042966,-255.000000000,348.742224830,1.570796327,1.134464014
point-0000156,134.199693900,0.523598776,-69.185842870,-255.000000000,356.066604984,1.570796327,1.047197551
point-0000157,135.072358526,0.610865238,-39.275096735,-255.000000000,360.802111876,1.570796327,0.959931089
point-0000158,135.945023152,0.698131701,-9.065443399,-255.000000000,362.912705439,1.570796327,0.872664626
point-0000159,136.817687778,0.785398163,21.213203436,-255.000000000,362.382322781,1.570796327,0.785398163
point-0000160,137.690352404,0.872664626,51.330404983,-255.000000000,359.215000436,1.570796327,0.698131701
point-0000161,138.563017030,0.959931089,81.056951154,-255.000000000,353.434843638,1.570796327,0.610865238
point-0000162,139.435681656,1.047197551,110.166604984,-255.000000000,345.085842870,1.570796327,0.523598776
point-0000163,140.308346282,1.134464014,138.437824429,-255.000000000,334.231539071,1.570796327,0.436332313
point-0000164,141.181010908,1.221730476,165.655448439,-255.000000000,320.954540045,1.570796327,0.349065850
point-0000165,142.053675534,1.308996939,191.612334462,-255.000000000,305.355891773,1.570796327,0.261799388
point-0000166,142.926340160,1.396263402,216.110934920,-255.000000000,287.554309386,1.570796327,0.174532925
point-0000167,143.799004786,1.483529864,238.964800672,-255.000000000,267.685273675,1.570796327,0.087266463
point-0000168,144.671669412,1.570796327,260.000000000,-255.000000000,245.900000000,1.570796327,0.000000000
point-0000169,145.544334038,1.658062789,279.056442336,-255.000000000,222.364287447,1.570796327,-0.087266463
point-0000170,146.416998664,1.745329252,295.989096647,-255.000000000,197.257256999,1.570796327,-0.174532925
point-0000171,147.289663290,1.832595715,310.669095209,-255.000000000,170.769988320,1.570796327,-0.261799388
point-0000172,148.162327916,1.919862177,322.984714369,-255.000000000,143.104065516,1.570796327,-0.349065850
point-0000173,149.034992542,2.007128640,332.842224830,-255.000000000,114.470042966,1.570796327,-0.436332313
point-0000174,149.907657168,2.094395102,340.166604984,-255.000000000,85.085842870,1.570796327,-0.523598776
point-0000175,150.780321794,2.181661565,344.902111876,-255.000000000,55.175096735,1.570796327,-0.610865238
point-0000176,151.652986420,2.268928028,347.012705439,-255.000000000,24.965443399,1.570796327,-0.698131701
point-0000177,152.525651046,2.356194490,346.482322781,-255.000000000,-5.313203436,1.570796327,-0.785398163
point-0000178,153.398315672,2.443460953,343.315000436,-255.000000000,-35.430404983,1.570796327,-0.872664626
point-0000179,154.270980298,2.530727415,337.534843638,-255.000000000,-65.156951154,1.570796327,-0.959931089
point-0000180,155.143644924,2.617993878,329.185842870,-255.000000000,-94.266604984,1.570796327,-1.047197551
point-0000181,156.016309550,2.705260341,318.331539071,-255.000000000,-122.537824429,1.570796327,-1.134464014
point-0000182,156.888974176,2.792526803,305.054540045,-255.000000000,-149.755448439,1.570796327,-1.221730476
point-0000183,157.761638801,2.879793266,289.455891773,-255.000000000,-175.712334462,1.570796327,-1.308996939
point-0000184,158.634303427,2.967059728,271.654309386,-255.000000000,-200.210934920,1.570796327,-1.396263402
point-0000185,159.506968053,3.054326191,251.785273675,-255.000000000,-223.064800672,1.570796327,-1.483529864
point-0000186,160.379632679,3.141592654,230.000000000,-255.000000000,-244.100000000,1.570796327,-1.570796327
point-0000187,161.252297305,3.228859116,206.464287447,-255.000000000,-263.156442336,1.570796327,-1.658062789
point-0000188,162.124961931,3.316125579,181.357256999,-255.000000000,-280.089096647,1.570796327,-1.745329252
point-0000189,162.997626557,3.403392041,154.869988320,-255.000000000,-294.769095209,1.570796327,-1.832595715
point-0000190,163.870291183,3.490658504,127.204065516,-255.000000000,-307.084714369,1.570796327,-1.919862177
point-0000191,164.742955809,3.577924967,98.570042966,-255.000000000,-316.942224830,1.570796327,-2.007128640
point-0000192,165.615620435,3.665191429,69.185842870,-255.000000000,-324.266604984,1.570796327,-2.094395102
point-0000193,166.488285061,3.752457892,39.275096735,-255.000000000,-329.002111876,1.570796327,-2.181661565
point-0000194,167.360949687,3.839724354,9.065443399,-255.000000000,-331.112705439,1.570796327,-2.268928028
point-0000195,168.233614313,3.926990817,-21.213203436,-255.000000000,-330.582322781,1.570796327,-2.356194490
point-0000196,169.106278939,4.014257280,-51.330404983,-255.000000000,-327.415000436,1.570796327,-2.443460953
point-0000197,169.978943565,4.101523742,-81.056951154,-255.000000000,-321.634843638,1.570796327,-2.530727415
point-0000198,170.851608191,4.188790205,-110.166604984,-255.000000000,-313.285842870,1.570796327,-2.617993878
point-0000199,171.724272817,4.276056667,-138.437824429,-255.000000000,-302.431539071,1.570796327,-2.705260341
point-0000200,172.596937443,4.363323130,-165.655448439,-255.000000000,-289.154540045,1.570796327,-2.792526803
point-0000201,173.469602069,4.450589593,-191.612334462,-255.000000000,-273.555891773,1.570796327,-2.879793266
point-0000202,174.342266695,4.537856055,-216.110934920,-255.000000000,-255.754309386,1.570796327,-2.967059728
point-0000203,175.214931321,4.625122518,-238.964800672,-255.000000000,-235.885273675,1.570796327,-3.054326191
point-0000204,176.087595947,4.712388980,-260.000000000,-255.000000000,-214.100000000,1.570796327,-3.141592654
point-0000205,176.960260573,4.799655443,-279.056442336,-255.000000000,-190.564287447,1.570796327,-3.228859116
point-0000206,177.832925199,4.886921906,-295.989096647,-255.000000000,-165.457256999,1.570796327,-3.316125579
point-0000207,178.705589825,4.974188368,-310.669095209,-255.000000000,-138.969988320,1.570796327,-3.403392041
point-0000208,179.578254451,5.061454831,-322.984714369,-255.000000000,-111.304065516,1.570796327,-3.490658504
point-0000209,180.450919077,5.148721293,-332.842224830,-255.000000000,-82.670042966,1.570796327,-3.577924967
point-0000210,181.323583703,5.235987756,-340.166604984,-255.000000000,-53.285842870,1.570796327,-3.665191429
point-0000211,182.196248329,5.323254219,-344.902111876,-255.000000000,-23.375096735,1.570796327,-3.752457892
point-0000212,183.068912955,5.410520681,-347.012705439,-255.000000000,6.834556601,1.570796327,-3.839724354
point-0000213,183.941577581,5.497787144,-346.482322781,-255.000000000,37.113203436,1.570796327,-3.926990817
point-0000214,184.814242207,5.585053606,-343.315000436,-255.000000000,67.230404983,1.570796327,-4.014257280
point-0000215,185.686906833,5.672320069,-337.534843638,-255.000000000,96.956951154,1.570796327,-4.101523742
point-0000216,186.559571459,5.759586532,-329.185842870,-255.000000000,126.066604984,1.570796327,-4.188790205
point-0000217,187.432236085,5.846852994,-318.331539071,-255.000000000,154.337824429,1.570796327,-4.276056667
point-0000218,188.304900711,5.934119457,-305.054540045,-255.000000000,181.555448439,1.570796327,-4.363323130
point-0000219,189.177565337,6.021385919,-289.455891773,-255.000000000,207.512334462,1.570796327,-4.450589593
point-0000220,190.050229963,6.108652382,-271.654309386,-255.000000000,232.010934920,1.570796327,-4.537856055
point-0000221,190.922894589,6.195918845,-251.785273675,-255.000000000,254.864800672,1.570796327,-4.625122518
point-0000222,191.795559215,6.283185307,-230.000000000,-255.000000000,275.900000000,1.570796327,-4.712388980
point-0000223,192.295559215,6.283185307,-230.000000000,-255.000000000,276.900000000,1.570796327,-4.712388980
point-0000224,192.695559215,6.283185307,-230.000000000,-255.800000000,276.900000000,1.570796327,-4.712388980
point-0000225,193.995559215,6.283185307,-230.000000000,-255.800000000,274.300000000,1.570796327,-4.712388980
point-0000226,194.868223841,6.195918845,-251.785273675,-255.800000000,253.264800672,1.570796327,-4.625122518
point-0000227,195.740888467,6.108652382,-271.654309386,-255.800000000,230.410934920,1.570796327,-4.537856055
point-0000228,196.613553093,6.021385919,-289.455891773,-255.800000000,205.912334462,1.570796327,-4.450589593
point-0000229,197.486217719,5.934119457,-305.054540045,-255.800000000,179.955448439,1.570796327,-4.363323130
point-0000230,198.358882345,5.846852994,-318.331539071,-255.800000000,152.737824429,1.570796327,-4.276056667
point-0000231,199.231546971,5.759586532,-329.185842870,-255.800000000,124.466604984,1.570796327,-4.188790205
point-0000232,200.104211597,5.672320069,-337.534843638,-255.800000000,95.356951154,1.570796327,-4.101523742
point-0000233,200.976876223,5.585053606,-343.315000436,-255.800000000,65.630404983,1.570796327,-4.014257280
point-0000234,201.849540849,5.497787144,-346.482322781,-255.800000000,35.513203436,1.570796327,-3.926990817
point-0000235,202.722205475,5.410520681,-347.012705439,-255.800000000,5.234556601,1.570796327,-3.839724354
point-0000236,203.594870101,5.323254219,-344.902111876,-255.800000000,-24.975096735,1.570796327,-3.752457892
point-0000237,204.467534727,5.235987756,-340.166604984,-255.800000000,-54.885842870,1.570796327,-3.665191429
point-0000238,205.340199353,5.148721293,-332.842224830,-255.800000000,-84.270042966,1.570796327,-3.577924967
point-0000239,206.212863979,5.061454831,-322.984714369,-255.800000000,-112.904065516,1.570796327,-3.490658504
point-0000240,207.085528605,4.974188368,-310.669095209,-255.800000000,-140.569988320,1.570796327,-3.403392041
point-0000241,207.958193231,4.886921906,-295.989096647,-255.800000000,-167.057256999,1.570796327,-3.316125579
point-0000242,208.830857857,4.799655443,-279.056442336,-255.800000000,-192.164287447,1.570796327,-3.228859116
point-0000243,209.703522483,4.712388980,-260.000000000,-255.800000000,-215.700000000,1.570796327,-3.141592654
point-0000244,210.576187109,4.625122518,-238.964800672,-255.800000000,-237.485273675,1.570796327,-3.054326191
point-0000245,211.448851735,4.537856055,-216.110934920,-255.800000000,-257.354309386,1.570796327,-2.967059728
point-0000246,212.321516361,4.450589593,-191.612334462,-255.800000000,-275.155891773,1.570796327,-2.879793266
point-0000247,213.194180987,4.363323130,-165.655448439,-255.800000000,-290.754540045,1.570796327,-2.792526803
point-0000248,214.066845613,4.276056667,-138.437824429,-255.800000000,-304.031539071,1.570796327,-2.705260341
point-0000249,214.939510239,4.188790205,-110.166604984,-255.800000000,-314.885842870,1.570796327,-2.617993878
point-0000250,215.812174865,4.101523742,-81.056951154,-255.800000000,-323.234843638,1.570796327,-2.530727415
point-0000251,216.684839491,4.014257280,-51.330404983,-255.800000000,-329.015000436,1.570796327,-2.443460953
point-0000252,217.557504117,3.926990817,-21.213203436,-255.800000000,-332.182322781,1.570796327,-2.356194490
point-0000253,218.430168743,3.839724354,9.065443399,-255.800000000,-332.712705439,1.570796327,-2.268928028
point-0000254,219.302833369,3.752457892,39.275096735,-255.800000000,-330.602111876,1.570796327,-2.181661565
point-0000255,220.175497995,3.665191429,69.185842870,-255.800000000,-325.866604984,1.570796327,-2.094395102
point-0000256,221.048162621,3.577924967,98.570042966,-255.800000000,-318.542224830,1.570796327,-2.007128640
point-0000257,221.920827247,3.490658504,127.204065516,-255.800000000,-308.684714369,1.570796327,-1.919862177
point-0000258,222.793491873,3.403392041,154.869988320,-255.800000000,-296.369095209,1.570796327,-1.832595715
point-0000259,223.666156499,3.316125579,181.357256999,-255.800000000,-281.689096647,1.570796327,-1.745329252
point-0000260,224.538821125,3.228859116,206.464287447,-255.800000000,-264.756442336,1.570796327,-1.658062789
point-0000261,225.411485751,3.141592654,230.000000000,-255.800000000,-245.700000000,1.570796327,-1.570796327
point-0000262,226.284150377,3.054326191,251.785273675,-255.800000000,-224.664800672,1.570796327,-1.483529864
point-0000263,227.156815003,2.967059728,271.654309386,-255.800000000,-201.810934920,1.570796327,-1.396263402
point-0000264,228.029479629,2.879793266,289.455891773,-255.800000000,-177.312334462,1.570796327,-1.308996939
point-0000265,228.902144255,2.792526803,305.054540045,-255.800000000,-151.355448439,1.570796327,-1.221730476
point-0000266,229.774808881,2.705260341,318.331539071,-255.800000000,-124.137824429,1.570796327,-1.134464014
point-0000267,230.647473507,2.617993878,329.185842870,-255.800000000,-95.866604984,1.570796327,-1.047197551
point-0000268,231.520138133,2.530727415,337.534843638,-255.800000000,-66.756951154,1.570796327,-0.959931089
point-0000269,232.392802759,2.443460953,343.315000436,-255.800000000,-37.030404983,1.570796327,-0.872664626
point-0000270,233.265467385,2.356194490,346.482322781,-255.800000000,-6.913203436,1.570796327,-0.785398163
point-0000271,234.138132011,2.268928028,347.012705439,-255.800000000,23.365443399,1.570796327,-0.698131701
point-0000272,235.010796637,2.181661565,344.902111876,-255.800000000,53.575096735,1.570796327,-0.610865238
point-0000273,235.883461263,2.094395102,340.166604984,-255.800000000,83.485842870,1.570796327,-0.523598776
point-0000274,236.756125889,2.007128640,332.842224830,-255.800000000,112.870042966,1.570796327,-0.436332313
point-0000275,237.628790515,1.919862177,322.984714369,-255.800000000,141.504065516,1.570796327,-0.349065850
point-0000276,238.501455141,1.832595715,310.669095209,-255.800000000,169.169988320,1.570796327,-0.261799388
point-0000277,239.374119767,1.745329252,295.989096647,-255.800000000,195.657256999,1.570796327,-0.174532925
point-0000278,240.246784393,1.658062789,279.056442336,-255.800000000,220.764287447,1.570796327,-0.087266463
point-0000279,241.119449019,1.570796327,260.000000000,-255.800000000,244.300000000,1.570796327,0.000000000
point-0000280,241.992113645,1.483529864,238.964800672,-255.800000000,266.085273675,1.570796327,0.087266463
point-0000281,242.864778271,1.396263402,216.110934920,-255.800000000,285.954309386,1.570796327,0.174532925
point-0000282,243.737442897,1.308996939,191.612334462,-255.800000000,303.755891773,1.570796327,0.261799388
point-0000283,244.610107523,1.221730476,165.655448439,-255.800000000,319.354540045,1.570796327,0.349065850
point-0000284,245.482772149,1.134464014,138.437824429,-255.800000000,332.631539071,1.570796327,0.436332313
point-0000285,246.355436775,1.047197551,110.166604984,-255.800000000,343.485842870,1.570796327,0.523598776
point-0000286,247.228101401,0.959931089,81.056951154,-255.800000000,351.834843638,1.570796327,0.610865238
point-0000287,248.100766027,0.872664626,51.330404983,-255.800000000,357.615000436,1.570796327,0.698131701
point-0000288,248.973430653,0.785398163,21.213203436,-255.800000000,360.782322781,1.570796327,0.785398163
point-0000289,249.846095279,0.698131701,-9.065443399,-255.800000000,361.312705439,1.570796327,0.872664626
point-0000290,250.718759905,0.610865238,-39.275096735,-255.800000000,359.202111876,1.570796327,0.959931089
point-0000291,251.591424531,0.523598776,-69.185842870,-255.800000000,354.466604984,1.570796327,1.047197551
point-0000292,252.464089157,0.436332313,-98.570042966,-255.800000000,347.142224830,1.570796327,1.134464014
point-0000293,253.336753783,0.349065850,-127.204065516,-255.800000000,337.284714369,1.570796327,1.221730476
point-0000294,254.209418409,0.261799388,-154.869988320,-255.800000000,324.969095209,1.570796327,1.308996939
point-0000295,255.082083035,0.174532925,-181.357256999,-255.800000000,310.289096647,1.570796327,1.396263402
point-0000296,255.954747661,0.087266463,-206.464287447,-255.800000000,293.356442336,1.570796327,1.483529864
point-0000297,256.827412287,0.000000000,-230.000000000,-255.800000000,274.300000000,1.570796327,1.570796327
point-0000298,257.727412287,0.000000000,-230.000000000,-255.800000000,276.100000000,1.570796327,1.570796327
point-0000299,258.227412287,0.000000000,-230.000000000,-255.800000000,275.100000000,1.570796327,1.570796327
point-0000300,259.100076913,0.087266463,-206.464287447,-255.800000000,294.156442336,1.570796327,1.483529864
point-0000301,259.972741539,0.174532925,-181.357256999,-255.800000000,311.089096647,1.570796327,1.396263402
point-0000302,260.845406165,0.261799388,-154.869988320,-255.800000000,325.769095209,1.570796327,1.308996939
point-0000303,261.718070791,0.349065850,-127.204065516,-255.800000000,338.084714369,1.570796327,1.221730476
point-0000304,262.590735417,0.436332313,-98.570042966,-255.800000000,347.942224830,1.570796327,1.134464014
point-0000305,263.463400043,0.523598776,-69.185842870,-255.800000000,355.266604984,1.570796327,1.047197551
point-0000306,264.336064669,0.610865238,-39.275096735,-255.800000000,360.002111876,1.570796327,0.959931089
point-0000307,265.208729295,0.698131701,-9.065443399,-255.800000000,362.112705439,1.570796327,0.872664626
point-0000308,266.081393921,0.785398163,21.213203436,-255.800000000,361.582322781,1.570796327,0.785398163
point-0000309,266.954058547,0.872664626,51.330404983,-255.800000000,358.415000436,1.570796327,0.698131701
point-0000310,267.826723173,0.959931089,81.056951154,-255.800000000,352.634843638,1.570796327,0.610865238
point-0000311,268.699387799,1.047197551,110.166604984,-255.800000000,344.285842870,1.570796327,0.523598776
point-0000312,269.572052425,1.134464014,138.437824429,-255.800000000,333.431539071,1.570796327,0.436332313
point-0000313,270.444717051,1.221730476,165.655448439,-255.800000000,320.154540045,1.570796327,0.349065850
point-0000314,271.317381677,1.308996939,191.612334462,-255.800000000,304.555891773,1.570796327,0.261799388
point-0000315,272.190046303,1.396263402,216.110934920,-255.800000000,286.754309386,1.570796327,0.174532925
point-0000316,273.062710929,1.483529864,238.964800672,-255.800000000,266.885273675,1.570796327,0.087266463
point-0000317,273.935375555,1.570796327,260.000000000,-255.800000000,245.100000000,1.570796327,0.000000000
point-0000318,274.808040181,1.658062789,279.056442336,-255.800000000,221.564287447,1.570796327,-0.087266463
point-0000319,275.680704807,1.745329252,295.989096647,-255.800000000,196.457256999,1.570796327,-0.174532925
point-0000320,276.553369433,1.832595715,310.669095209,-255.800000000,169.969988320,1.570796327,-0.261799388
point-0000321,277.426034059,1.919862177,322.984714369,-255.800000000,142.304065516,1.570796327,-0.349065850
point-0000322,278.298698685,2.007128640,332.842224830,-255.800000000,113.670042966,1.570796327,-0.436332313
point-0000323,279.171363311,2.094395102,340.166604984,-255.800000000,84.285842870,1.570796327,-0.523598776
point-0000324,280.044027937,2.181661565,344.902111876,-255.800000000,54.375096735,1.570796327,-0.610865238
point-0000325,280.916692563,2.268928028,347.012705439,-255.800000000,24.165443399,1.570796327,-0.698131701
point-0000326,281.789357189,2.356194490,346.482322781,-255.800000000,-6.113203436,1.570796327,-0.785398163
point-0000327,282.662021815,2.443460953,343.315000436,-255.800000000,-36.230404983,1.570796327,-0.872664626
point-0000328,283.534686441,2.530727415,337.534843638,-255.800000000,-65.956951154,1.570796327,-0.959931089
point-0000329,284.407351067,2.617993878,329.185842870,-255.800000000,-95.066604984,1.570796327,-1.047197551
point-0000330,285.280015693,2.705260341,318.331539071,-255.800000000,-123.337824429,1.570796327,-1.134464014
point-0000331,286.152680319,2.792526803,305.054540045,-255.800000000,-150.555448439,1.570796327,-1.221730476
point-0000332,287.025344945,2.879793266,289.455891773,-255.800000000,-176.512334462,1.570796327,-1.308996939
point-0000333,287.898009571,2.967059728,271.654309386,-255.800000000,-201.010934920,1.570796327,-1.396263402
point-0000334,288.770674197,3.054326191,251.785273675,-255.800000000,-223.864800672,1.570796327,-1.483529864
point-0000335,289.643338823,3.141592654,230.000000000,-255.800000000,-244.900000000,1.570796327,-1.570796327
point-0000336,290.516003449,3.228859116,206.464287447,-255.800000000,-263.956442336,1.570796327,-1.658062789
point-0000337,291.388668075,3.316125579,181.357256999,-255.800000000,-280.889096647,1.570796327,-1.745329252
point-0000338,292.261332701,3.403392041,154.869988320,-255.800000000,-295.569095209,1.570796327,-1.832595715
point-0000339,293.133997327,3.490658504,127.204065516,-255.800000000,-307.884714369,1.570796327,-1.919862177
point-0000340,294.006661953,3.577924967,98.570042966,-255.800000000,-317.742224830,1.570796327,-2.007128640
point-0000341,294.879326579,3.665191429,69.185842870,-255.800000000,-325.066604984,1.570796327,-2.094395102
point-0000342,295.751991205,3.752457892,39.275096735,-255.800000000,-329.802111876,1.570796327,-2.181661565
point-0000343,296.624655831,3.839724354,9.065443399,-255.800000000,-331.912705439,1.570796327,-2.268928028
point-0000344,297.497320457,3.926990817,-21.213203436,-255.800000000,-331.382322781,1.570796327,-2.356194490
point-0000345,298.369985083,4.014257280,-51.330404983,-255.800000000,-328.215000436,1.570796327,-2.443460953
point-0000346,299.242649709,4.101523742,-81.056951154,-255.800000000,-322.434843638,1.570796327,-2.530727415
point-0000347,300.115314335,4.188790205,-110.166604984,-255.800000000,-314.085842870,1.570796327,-2.617993878
point-0000348,300.987978961,4.276056667,-138.437824429,-255.800000000,-303.231539071,1.570796327,-2.705260341
point-0000349,301.860643587,4.363323130,-165.655448439,-255.800000000,-289.954540045,1.570796327,-2.792526803
point-0000350,302.733308213,4.450589593,-191.612334462,-255.800000000,-274.355891773,1.570796327,-2.879793266
point-0000351,303.605972839,4.537856055,-216.110934920,-255.800000000,-256.554309386,1.570796327,-2.967059728
point-0000352,304.478637465,4.625122518,-238.964800672,-255.800000000,-236.685273675,1.570796327,-3.054326191
point-0000353,305.351302091,4.712388980,-260.000000000,-255.800000000,-214.900000000,1.570796327,-3.141592654
point-0000354,306.223966717,4.799655443,-279.056442336,-255.800000000,-191.364287447,1.570796327,-3.228859116
point-0000355,307.096631343,4.886921906,-295.989096647,-255.800000000,-166.257256999,1.570796327,-3.316125579
point-0000356,307.969295969,4.974188368,-310.669095209,-255.800000000,-139.769988320,1.570796327,-3.403392041
point-0000357,308.841960595,5.061454831,-322.984714369,-255.800000000,-112.104065516,1.570796327,-3.490658504
point-0000358,309.714625221,5.148721293,-332.842224830,-255.800000000,-83.470042966,1.570796327,-3.577924967
point-0000359,310.587289847,5.235987756,-340.166604984,-255.800000000,-54.085842870,1.570796327,-3.665191429
point-0000360,311.459954473,5.323254219,-344.902111876,-255.800000000,-24.175096735,1.570796327,-3.752457892
point-0000361,312.332619099,5.410520681,-347.012705439,-255.800000000,6.034556601,1.570796327,-3.839724354
point-0000362,313.205283725,5.497787144,-346.482322781,-255.800000000,36.313203436,1.570796327,-3.926990817
point-0000363,314.077948351,5.585053606,-343.315000436,-255.800000000,66.430404983,1.570796327,-4.014257280
point-0000364,314.950612977,5.672320069,-337.534843638,-255.800000000,96.156951154,1.570796327,-4.101523742
point-0000365,315.823277603,5.759586532,-329.185842870,-255.800000000,125.266604984,1.570796327,-4.188790205
point-0000366,316.695942229,5.846852994,-318.331539071,-255.800000000,153.537824429,1.570796327,-4.276056667
point-0000367,317.568606855,5.934119457,-305.054540045,-255.800000000,180.755448439,1.570796327,-4.363323130
point-0000368,318.441271481,6.021385919,-289.455891773,-255.800000000,206.712334462,1.570796327,-4.450589593
point-0000369,319.313936107,6.108652382,-271.654309386,-255.800000000,231.210934920,1.570796327,-4.537856055
point-0000370,320.186600733,6.195918845,-251.785273675,-255.800000000,254.064800672,1.570796327,-4.625122518
point-0000371,321.059265359,6.283185307,-230.000000000,-255.800000000,275.100000000,1.570796327,-4.712388980
point-0000372,321.959265359,6.283185307,-230.000000000,-255.800000000,276.900000000,1.570796327,-4.712388980
point-0000373,322.459265359,6.283185307,-230.000000000,-255.800000000,275.900000000,1.570796327,-4.712388980
point-0000374,323.331929985,6.195918845,-251.785273675,-255.800000000,254.864800672,1.570796327,-4.625122518
point-0000375,324.204594611,6.108652382,-271.654309386,-255.800000000,232.010934920,1.570796327,-4.537856055
point-0000376,325.077259237,6.021385919,-289.455891773,-255.800000000,207.512334462,1.570796327,-4.450589593
point-0000377,325.949923863,5.934119457,-305.054540045,-255.800000000,181.555448439,1.570796327,-4.363323130
point-0000378,326.822588489,5.846852994,-318.331539071,-255.800000000,154.337824429,1.570796327,-4.276056667
point-0000379,327.695253115,5.759586532,-329.185842870,-255.800000000,126.066604984,1.570796327,-4.188790205
point-0000380,328.567917741,5.672320069,-337.534843638,-255.800000000,96.956951154,1.570796327,-4.101523742
point-0000381,329.440582367,5.585053606,-343.315000436,-255.800000000,67.230404983,1.570796327,-4.014257280
point-0000382,330.313246993,5.497787144,-346.482322781,-255.800000000,37.113203436,1.570796327,-3.926990817
point-0000383,331.185911619,5.410520681,-347.012705439,-255.800000000,6.834556601,1.570796327,-3.839724354
point-0000384,332.058576245,5.323254219,-344.902111876,-255.800000000,-23.375096735,1.570796327,-3.752457892
point-0000385,332.931240871,5.235987756,-340.166604984,-255.800000000,-53.285842870,1.570796327,-3.665191429
point-0000386,333.803905497,5.148721293,-332.842224830,-255.800000000,-82.670042966,1.570796327,-3.577924967
point-0000387,334.676570123,5.061454831,-322.984714369,-255.800000000,-111.304065516,1.570796327,-3.490658504
point-0000388,335.549234749,4.974188368,-310.669095209,-255.800000000,-138.969988320,1.570796327,-3.403392041
point-0000389,336.421899375,4.886921906,-295.989096647,-255.800000000,-165.457256999,1.570796327,-3.316125579
point-0000390,337.294564001,4.799655443,-279.056442336,-255.800000000,-190.564287447,1.570796327,-3.228859116
point-0000391,338.167228627,4.712388980,-260.000000000,-255.800000000,-214.100000000,1.570796327,-3.141592654
point-0000392,339.039893253,4.625122518,-238.964800672,-255.800000000,-235.885273675,1.570796327,-3.054326191
point-0000393,339.912557879,4.537856055,-216.110934920,-255.800000000,-255.754309386,1.570796327,-2.967059728
point-0000394,340.785222505,4.450589593,-191.612334462,-255.800000000,-273.555891773,1.570796327,-2.879793266
point-0000395,341.657887131,4.363323130,-165.655448439,-255.800000000,-289.154540045,1.570796327,-2.792526803
point-0000396,342.530551757,4.276056667,-138.437824429,-255.800000000,-302.431539071,1.570796327,-2.705260341
point-0000397,343.403216383,4.188790205,-110.166604984,-255.800000000,-313.285842870,1.570796327,-2.617993878
point-0000398,344.275881009,4.101523742,-81.056951154,-255.800000000,-321.634843638,1.570796327,-2.530727415
point-0000399,345.148545635,4.014257280,-51.330404983,-255.800000000,-327.415000436,1.570796327,-2.443460953
point-0000400,346.021210261,3.926990817,-21.213203436,-255.800000000,-330.582322781,1.570796327,-2.356194490
point-0000401,346.893874887,3.839724354,9.065443399,-255.800000000,-331.112705439,1.570796327,-2.268928028
point-0000402,347.766539513,3.752457892,39.275096735,-255.800000000,-329.002111876,1.570796327,-2.181661565
point-0000403,348.639204139,3.665191429,69.185842870,-255.800000000,-324.266604984,1.570796327,-2.094395102
point-0000404,349.511868765,3.577924967,98.570042966,-255.800000000,-316.942224830,1.570796327,-2.007128640
point-0000405,350.384533391,3.490658504,127.204065516,-255.800000000,-307.084714369,1.570796327,-1.919862177
point-0000406,351.257198017,3.403392041,154.869988320,-255.800000000,-294.769095209,1.570796327,-1.832595715
point-0000407,352.129862643,3.316125579,181.357256999,-255.800000000,-280.089096647,1.570796327,-1.745329252
point-0000408,353.002527269,3.228859116,206.464287447,-255.800000000,-263.156442336,1.570796327,-1.658062789
point-0000409,353.875191895,3.141592654,230.000000000,-255.800000000,-244.100000000,1.570796327,-1.570796327
point-0000410,354.747856521,3.054326191,251.785273675,-255.800000000,-223.064800672,1.570796327,-1.483529864
point-0000411,355.620521147,2.967059728,271.654309386,-255.800000000,-200.210934920,1.570796327,-1.396263402
point-0000412,356.493185773,2.879793266,289.455891773,-255.800000000,-175.712334462,1.570796327,-1.308996939
point-0000413,357.365850399,2.792526803,305.054540045,-255.800000000,-149.755448439,1.570796327,-1.221730476
point-0000414,358.238515025,2.705260341,318.331539071,-255.800000000,-122.537824429,1.570796327,-1.134464014
point-0000415,359.111179651,2.617993878,329.185842870,-255.800000000,-94.266604984,1.570796327,-1.047197551
point-0000416,359.983844277,2.530727415,337.534843638,-255.800000000,-65.156951154,1.570796327,-0.959931089
point-0000417,360.856508903,2.443460953,343.315000436,-255.800000000,-35.430404983,1.570796327,-0.872664626
point-0000418,361.729173529,2.356194490,346.482322781,-255.800000000,-5.313203436,1.570796327,-0.785398163
point-0000419,362.601838155,2.268928028,347.012705439,-255.800000000,24.965443399,1.570796327,-0.698131701
point-0000420,363.474502781,2.181661565,344.902111876,-255.800000000,55.175096735,1.570796327,-0.610865238
point-0000421,364.347167407,2.094395102,340.166604984,-255.800000000,85.085842870,1.570796327,-0.523598776
point-0000422,365.219832033,2.007128640,332.842224830,-255.800000000,114.470042966,1.570796327,-0.436332313
point-0000423,366.092496659,1.919862177,322.984714369,-255.800000000,143.104065516,1.570796327,-0.349065850
point-0000424,366.965161285,1.832595715,310.669095209,-255.800000000,170.769988320,1.570796327,-0.261799388
point-0000425,367.837825911,1.745329252,295.989096647,-255.800000000,197.257256999,1.570796327,-0.174532925
point-0000426,368.710490537,1.658062789,279.056442336,-255.800000000,222.364287447,1.570796327,-0.087266463
point-0000427,369.583155163,1.570796327,260.000000000,-255.800000000,245.900000000,1.570796327,0.000000000
point-0000428,370.455819789,1.483529864,238.964800672,-255.800000000,267.685273675,1.570796327,0.087266463
point-0000429,371.328484415,1.396263402,216.110934920,-255.800000000,287.554309386,1.570796327,0.174532925
point-0000430,372.201149041,1.308996939,191.612334462,-255.800000000,305.355891773,1.570796327,0.261799388
point-0000431,373.073813667,1.221730476,165.655448439,-255.800000000,320.954540045,1.570796327,0.349065850
point-0000432,373.946478293,1.134464014,138.437824429,-255.800000000,334.231539071,1.570796327,0.436332313
point-0000433,374.819142919,1.047197551,110.166604984,-255.800000000,345.085842870,1.570796327,0.523598776
point-0000434,375.691807545,0.959931089,81.056951154,-255.800000000,353.434843638,1.570796327,0.610865238
point-0000435,376.564472171,0.872664626,51.330404983,-255.800000000,359.215000436,1.570796327,0.698131701
point-0000436,377.437136797,0.785398163,21.213203436,-255.800000000,362.382322781,1.570796327,0.785398163
point-0000437,378.309801423,0.698131701,-9.065443399,-255.800000000,362.912705439,1.570796327,0.872664626
point-0000438,379.182466049,0.610865238,-39.275096735,-255.800000000,360.802111876,1.570796327,0.959931089
point-0000439,380.055130675,0.523598776,-69.185842870,-255.800000000,356.066604984,1.570796327,1.047197551
point-0000440,380.927795301,0.436332313,-98.570042966,-255.800000000,348.742224830,1.570796327,1.134464014
point-0000441,381.800459927,0.349065850,-127.204065516,-255.800000000,338.884714369,1.570796327,1.221730476
point-0000442,382.673124553,0.261799388,-154.869988320,-255.800000000,326.569095209,1.570796327,1.308996939
point-0000443,383.545789179,0.174532925,-181.357256999,-255.800000000,311.889096647,1.570796327,1.396263402
point-0000444,384.418453805,0.087266463,-206.464287447,-255.800000000,294.956442336,1.570796327,1.483529864
point-0000445,385.291118431,0.000000000,-230.000000000,-255.800000000,275.900000000,1.570796327,1.570796327
point-0000446,385.791118431,0.000000000,-230.000000000,-255.800000000,276.900000000,1.570796327,1.570796327
point-0000447,386.191118431,0.000000000,-230.000000000,-256.600000000,276.900000000,1.570796327,1.570796327
point-0000448,387.491118431,0.000000000,-230.000000000,-256.600000000,274.300000000,1.570796327,1.570796327
point-0000449,388.363783057,0.087266463,-206.464287447,-256.600000000,293.356442336,1.570796327,1.483529864
point-0000450,389.236447683,0.174532925,-181.357256999,-256.600000000,310.289096647,1.570796327,1.396263402
point-0000451,390.109112309,0.261799388,-154.869988320,-256.600000000,324.969095209,1.570796327,1.308996939
point-0000452,390.981776935,0.349065850,-127.204065516,-256.600000000,337.284714369,1.570796327,1.221730476
point-0000453,391.854441561,0.436332313,-98.570042966,-256.600000000,347.142224830,1.570796327,1.134464014
point-0000454,392.727106187,0.523598776,-69.185842870,-256.600000000,354.466604984,1.570796327,1.047197551
point-0000455,393.599770813,0.610865238,-39.275096735,-256.600000000,359.202111876,1.570796327,0.959931089
point-0000456,394.472435439,0.698131701,-9.065443399,-256.600000000,361.312705439,1.570796327,0.872664626
point-0000457,395.345100065,0.785398163,21.213203436,-256.600000000,360.782322781,1.570796327,0.785398163
point-0000458,396.217764691,0.872664626,51.330404983,-256.600000000,357.615000436,1.570796327,0.698131701
point-0000459,397.090429317,0.959931089,81.056951154,-256.600000000,351.834843638,1.570796327,0.610865238
point-0000460,397.963093943,1.047197551,110.166604984,-256.600000000,343.485842870,1.570796327,0.523598776
point-0000461,398.835758569,1.134464014,138.437824429,-256.600000000,332.631539071,1.570796327,0.436332313
point-0000462,399.708423195,1.221730476,165.655448439,-256.600000000,319.354540045,1.570796327,0.349065850
point-0000463,400.581087821,1.308996939,191.612334462,-256.600000000,303.755891773,1.570796327,0.261799388
point-0000464,401.453752447,1.396263402,216.110934920,-256.600000000,285.954309386,1.570796327,0.174532925
point-0000465,402.326417073,1.483529864,238.964800672,-256.600000000,266.085273675,1.570796327,0.087266463
point-0000466,403.199081699,1.570796327,260.000000000,-256.600000000,244.300000000,1.570796327,0.000000000
point-0000467,404.071746325,1.658062789,279.056442336,-256.600000000,220.764287447,1.570796327,-0.087266463
point-0000468,404.944410951,1.745329252,295.989096647,-256.600000000,195.657256999,1.570796327,-0.174532925
point-0000469,405.817075577,1.832595715,310.669095209,-256.600000000,169.169988320,1.570796327,-0.261799388
point-0000470,406.689740203,1.919862177,322.984714369,-256.600000000,141.504065516,1.570796327,-0.349065850
point-0000471,407.562404829,2.007128640,332.842224830,-256.600000000,112.870042966,1.570796327,-0.436332313
point-0000472,408.435069455,2.094395102,340.166604984,-256.600000000,83.485842870,1.570796327,-0.523598776
point-0000473,409.307734081,2.181661565,344.902111876,-256.600000000,53.575096735,1.570796327,-0.610865238
point-0000474,410.180398707,2.268928028,347.012705439,-256.600000000,23.365443399,1.570796327,-0.698131701
point-0000475,411.053063333,2.356194490,346.482322781,-256.600000000,-6.913203436,1.570796327,-0.785398163
point-0000476,411.925727959,2.443460953,343.315000436,-256.600000000,-37.030404983,1.570796327,-0.872664626
point-0000477,412.798392585,2.530727415,337.534843638,-256.600000000,-66.756951154,1.570796327,-0.959931089
point-0000478,413.671057211,2.617993878,329.185842870,-256.600000000,-95.866604984,1.570796327,-1.047197551
point-0000479,414.543721837,2.705260341,318.331539071,-256.600000000,-124.137824429,1.570796327,-1.134464014
point-0000480,415.416386463,2.792526803,305.054540045,-256.600000000,-151.355448439,1.570796327,-1.221730476
point-0000481,416.289051089,2.879793266,289.455891773,-256.600000000,-177.312334462,1.570796327,-1.308996939
point-0000482,417.161715715,2.967059728,271.654309386,-256.600000000,-201.810934920,1.570796327,-1.396263402
point-0000483,418.034380341,3.054326191,251.785273675,-256.600000000,-224.664800672,1.570796327,-1.483529864
point-0000484,418.907044967,3.141592654,230.000000000,-256.600000000,-245.700000000,1.570796327,-1.570796327
point-0000485,419.779709593,3.228859116,206.464287447,-256.600000000,-264.756442336,1.570796327,-1.658062789
point-0000486,420.652374219,3.316125579,181.357256999,-256.600000000,-281.689096647,1.570796327,-1.745329252
point-0000487,421.525038845,3.403392041,154.869988320,-256.600000000,-296.369095209,1.570796327,-1.832595715
point-0000488,422.397703471,3.490658504,127.204065516,-256.600000000,-308.684714369,1.570796327,-1.919862177
point-0000489,423.270368097,3.577924967,98.570042966,-256.600000000,-318.542224830,1.570796327,-2.007128640
point-0000490,424.143032723,3.665191429,69.185842870,-256.600000000,-325.866604984,1.570796327,-2.094395102
point-0000491,425.015697349,3.752457892,39.275096735,-256.600000000,-330.602111876,1.570796327,-2.181661565
point-0000492,425.888361975,3.839724354,9.065443399,-256.600000000,-332.712705439,1.570796327,-2.268928028
point-0000493,426.761026601,3.926990817,-21.213203436,-256.600000000,-332.182322781,1.570796327,-2.356194490
point-0000494,427.633691227,4.014257280,-51.330404983,-256.600000000,-329.015000436,1.570796327,-2.443460953
point-0000495,428.506355853,4.101523742,-81.056951154,-256.600000000,-323.234843638,1.570796327,-2.530727415
point-0000496,429.379020479,4.188790205,-110.166604984,-256.600000000,-314.885842870,1.570796327,-2.617993878
point-0000497,430.251685105,4.276056667,-138.437824429,-256.600000000,-304.031539071,1.570796327,-2.705260341
point-0000498,431.124349731,4.363323130,-165.655448439,-256.600000000,-290.754540045,1.570796327,-2.792526803
point-0000499,431.997014357,4.450589593,-191.612334462,-256.600000000,-275.155891773,1.570796327,-2.879793266
point-0000500,432.869678983,4.537856055,-216.110934920,-256.600000000,-257.354309386,1.570796327,-2.967059728
point-0000501,433.742343609,4.625122518,-238.964800672,-256.600000000,-237.485273675,1.570796327,-3.054326191
point-0000502,434.615008235,4.712388980,-260.000000000,-256.600000000,-215.700000000,1.570796327,-3.141592654
point-0000503,435.487672861,4.799655443,-279.056442336,-256.600000000,-192.164287447,1.570796327,-3.228859116
point-0000504,436.360337487,4.886921906,-295.989096647,-256.600000000,-167.057256999,1.570796327,-3.316125579
point-0000505,437.233002113,4.974188368,-310.669095209,-256.600000000,-140.569988320,1.570796327,-3.403392041
point-0000506,438.105666739,5.061454831,-322.984714369,-256.600000000,-112.904065516,1.570796327,-3.490658504
point-0000507,438.978331365,5.148721293,-332.842224830,-256.600000000,-84.270042966,1.570796327,-3.577924967
point-0000508,439.850995991,5.235987756,-340.166604984,-256.600000000,-54.885842870,1.570796327,-3.665191429
point-0000509,440.723660617,5.323254219,-344.902111876,-256.600000000,-24.975096735,1.570796327,-3.752457892
point-0000510,441.596325243,5.410520681,-347.012705439,-256.600000000,5.234556601,1.570796327,-3.839724354
point-0000511,442.468989869,5.497787144,-346.482322781,-256.600000000,35.513203436,1.570796327,-3.926990817
point-0000512,443.341654495,5.585053606,-343.315000436,-256.600000000,65.630404983,1.570796327,-4.014257280
point-0000513,444.214319121,5.672320069,-337.534843638,-256.600000000,95.356951154,1.570796327,-4.101523742
point-0000514,445.086983747,5.759586532,-329.185842870,-256.600000000,124.466604984,1.570796327,-4.188790205
point-0000515,445.959648373,5.846852994,-318.331539071,-256.600000000,152.737824429,1.570796327,-4.276056667
point-0000516,446.832312999,5.934119457,-305.054540045,-256.600000000,179.955448439,1.570796327,-4.363323130
point-0000517,447.704977625,6.021385919,-289.455891773,-256.600000000,205.912334462,1.570796327,-4.450589593
point-0000518,448.577642251,6.108652382,-271.654309386,-256.600000000,230.410934920,1.570796327,-4.537856055
point-0000519,449.450306877,6.195918845,-251.785273675,-256.600000000,253.264800672,1.570796327,-4.625122518
point-0000520,450.322971503,6.283185307,-230.000000000,-256.600000000,274.300000000,1.570796327,-4.712388980
point-0000521,451.222971503,6.283185307,-230.000000000,-256.600000000,276.100000000,1.570796327,-4.712388980
point-0000522,451.722971503,6.283185307,-230.000000000,-256.600000000,275.100000000,1.570796327,-4.712388980
point-0000523,452.595636129,6.195918845,-251.785273675,-256.600000000,254.064800672,1.570796327,-4.625122518
point-0000524,453.468300755,6.108652382,-271.654309386,-256.600000000,231.210934920,1.570796327,-4.537856055
point-0000525,454.340965381,6.021385919,-289.455891773,-256.600000000,206.712334462,1.570796327,-4.450589593
point-0000526,455.213630007,5.934119457,-305.054540045,-256.600000000,180.755448439,1.570796327,-4.363323130
point-0000527,456.086294633,5.846852994,-318.331539071,-256.600000000,153.537824429,1.570796327,-4.276056667
point-0000528,456.958959259,5.759586532,-329.185842870,-256.600000000,125.266604984,1.570796327,-4.188790205
point-0000529,457.831623885,5.672320069,-337.534843638,-256.600000000,96.156951154,1.570796327,-4.101523742
point-0000530,458.704288511,5.585053606,-343.315000436,-256.600000000,66.430404983,1.570796327,-4.014257280
point-0000531,459.576953137,5.497787144,-346.482322781,-256.600000000,36.313203436,1.570796327,-3.926990817
point-0000532,460.449617763,5.410520681,-347.012705439,-256.600000000,6.034556601,1.570796327,-3.839724354
point-0000533,461.322282389,5.323254219,-344.902111876,-256.600000000,-24.175096735,1.570796327,-3.752457892
point-0000534,462.194947015,5.235987756,-340.166604984,-256.600000000,-54.085842870,1.570796327,-3.665191429
point-0000535,463.067611641,5.148721293,-332.842224830,-256.600000000,-83.470042966,1.570796327,-3.577924967
point-0000536,463.940276267,5.061454831,-322.984714369,-256.600000000,-112.104065516,1.570796327,-3.490658504
point-0000537,464.812940893,4.974188368,-310.669095209,-256.600000000,-139.769988320,1.570796327,-3.403392041
point-0000538,465.685605519,4.886921906,-295.989096647,-256.600000000,-166.257256999,1.570796327,-3.316125579
point-0000539,466.558270145,4.799655443,-279.056442336,-256.600000000,-191.364287447,1.570796327,-3.228859116
point-0000540,467.430934771,4.712388980,-260.000000000,-256.600000000,-214.900000000,1.570796327,-3.141592654
point-0000541,468.303599397,4.625122518,-238.964800672,-256.600000000,-236.685273675,1.570796327,-3.054326191
point-0000542,469.176264023,4.537856055,-216.110934920,-256.600000000,-256.554309386,1.570796327,-2.967059728
point-0000543,470.048928649,4.450589593,-191.612334462,-256.600000000,-274.355891773,1.570796327,-2.879793266
point-0000544,470.921593275,4.363323130,-165.655448439,-256.600000000,-289.954540045,1.570796327,-2.792526803
point-0000545,471.794257901,4.276056667,-138.437824429,-256.600000000,-303.231539071,1.570796327,-2.705260341
point-0000546,472.666922527,4.188790205,-110.166604984,-256.600000000,-314.085842870,1.570796327,-2.617993878
point-0000547,473.539587153,4.101523742,-81.056951154,-256.600000000,-322.434843638,1.570796327,-2.530727415
point-0000548,474.412251779,4.014257280,-51.330404983,-256.600000000,-328.215000436,1.570796327,-2.443460953
point-0000549,475.284916404,3.926990817,-21.213203436,-256.600000000,-331.382322781,1.570796327,-2.356194490
point-0000550,476.157581030,3.839724354,9.065443399,-256.600000000,-331.912705439,1.570796327,-2.268928028
point-0000551,477.030245656,3.752457892,39.275096735,-256.600000000,-329.802111876,1.570796327,-2.181661565
point-0000552,477.902910282,3.665191429,69.185842870,-256.600000000,-325.066604984,1.570796327,-2.094395102
point-0000553,478.775574908,3.577924967,98.570042966,-256.600000000,-317.742224830,1.570796327,-2.007128640
point-0000554,479.648239534,3.490658504,127.204065516,-256.600000000,-307.884714369,1.570796327,-1.919862177
point-0000555,480.520904160,3.403392041,154.869988320,-256.600000000,-295.569095209,1.570796327,-1.832595715
point-0000556,481.393568786,3.316125579,181.357256999,-256.600000000,-280.889096647,1.570796327,-1.745329252
point-0000557,482.266233412,3.228859116,206.464287447,-256.600000000,-263.956442336,1.570796327,-1.658062789
point-0000558,483.138898038,3.141592654,230.000000000,-256.600000000,-244.900000000,1.570796327,-1.570796327
point-0000559,484.011562664,3.054326191,251.785273675,-256.600000000,-223.864800672,1.570796327,-1.483529864
point-0000560,484.884227290,2.967059728,271.654309386,-256.600000000,-201.010934920,1.570796327,-1.396263402
point-0000561,485.756891916,2.879793266,289.455891773,-256.600000000,-176.512334462,1.570796327,-1.308996939
point-0000562,486.629556542,2.792526803,305.054540045,-256.600000000,-150.555448439,1.570796327,-1.221730476
point-0000563,487.502221168,2.705260341,318.331539071,-256.600000000,-123.337824429,1.570796327,-1.134464014
point-0000564,488.374885794,2.617993878,329.185842870,-256.600000000,-95.066604984,1.570796327,-1.047197551
point-0000565,489.247550420,2.530727415,337.534843638,-256.600000000,-65.956951154,1.570796327,-0.959931089
point-0000566,490.120215046,2.443460953,343.315000436,-256.600000000,-36.230404983,1.570796327,-0.872664626
point-0000567,490.992879672,2.356194490,346.482322781,-256.600000000,-6.113203436,1.570796327,-0.785398163
point-0000568,491.865544298,2.268928028,347.012705439,-256.600000000,24.165443399,1.570796327,-0.698131701
point-0000569,492.738208924,2.181661565,344.902111876,-256.600000000,54.375096735,1.570796327,-0.610865238
point-0000570,493.610873550,2.094395102,340.166604984,-256.600000000,84.285842870,1.570796327,-0.523598776
point-0000571,494.483538176,2.007128640,332.842224830,-256.600000000,113.670042966,1.570796327,-0.436332313
point-0000572,495.356202802,1.919862177,322.984714369,-256.600000000,142.304065516,1.570796327,-0.349065850
point-0000573,496.228867428,1.832595715,310.669095209,-256.600000000,169.969988320,1.570796327,-0.261799388
point-0000574,497.101532054,1.745329252,295.989096647,-256.600000000,196.457256999,1.570796327,-0.174532925
point-0000575,497.974196680,1.658062789,279.056442336,-256.600000000,221.564287447,1.570796327,-0.087266463
point-0000576,498.846861306,1.570796327,260.000000000,-256.600000000,245.100000000,1.570796327,0.000000000
point-0000577,499.719525932,1.483529864,238.964800672,-256.600000000,266.885273675,1.570796327,0.087266463
point-0000578,500.592190558,1.396263402,216.110934920,-256.600000000,286.754309386,1.570796327,0.174532925
point-0000579,501.464855184,1.308996939,191.612334462,-256.600000000,304.555891773,1.570796327,0.261799388
point-0000580,502.337519810,1.221730476,165.655448439,-256.600000000,320.154540045,1.570796327,0.349065850
point-0000581,503.210184436,1.134464014,138.437824429,-256.600000000,333.431539071,1.570796327,0.436332313
point-0000582,504.082849062,1.047197551,110.166604984,-256.600000000,344.285842870,1.570796327,0.523598776
point-0000583,504.955513688,0.959931089,81.056951154,-256.600000000,352.634843638,1.570796327,0.610865238
point-0000584,505.828178314,0.872664626,51.330404983,-256.600000000,358.415000436,1.570796327,0.698131701
point-0000585,506.700842940,0.785398163,21.213203436,-256.600000000,361.582322781,1.570796327,0.785398163
point-0000586,507.573507566,0.698131701,-9.065443399,-256.600000000,362.112705439,1.570796327,0.872664626
point-0000587,508.446172192,0.610865238,-39.275096735,-256.600000000,360.002111876,1.570796327,0.959931089
point-0000588,509.318836818,0.523598776,-69.185842870,-256.600000000,355.266604984,1.570796327,1.047197551
point-0000589,510.191501444,0.436332313,-98.570042966,-256.600000000,347.942224830,1.570796327,1.134464014
point-0000590,511.064166070,0.349065850,-127.204065516,-256.600000000,338.084714369,1.570796327,1.221730476
point-0000591,511.936830696,0.261799388,-154.869988320,-256.600000000,325.769095209,1.570796327,1.308996939
point-0000592,512.809495322,0.174532925,-181.357256999,-256.600000000,311.089096647,1.570796327,1.396263402
point-0000593,513.682159948,0.087266463,-206.464287447,-256.600000000,294.156442336,1.570796327,1.483529864
point-0000594,514.554824574,0.000000000,-230.000000000,-256.600000000,275.100000000,1.570796327,1.570796327
point-0000595,515.454824574,0.000000000,-230.000000000,-256.600000000,276.900000000,1.570796327,1.570796327
point-0000596,515.954824574,0.000000000,-230.000000000,-256.600000000,275.900000000,1.570796327,1.570796327
point-0000597,516.827489200,0.087266463,-206.464287447,-256.600000000,294.956442336,1.570796327,1.483529864
point-0000598,517.700153826,0.174532925,-181.357256999,-256.600000000,311.889096647,1.570796327,1.396263402
point-0000599,518.572818452,0.261799388,-154.869988320,-256.600000000,326.569095209,1.570796327,1.308996939
point-0000600,519.445483078,0.349065850,-127.204065516,-256.600000000,338.884714369,1.570796327,1.221730476
point-0000601,520.318147704,0.436332313,-98.570042966,-256.600000000,348.742224830,1.570796327,1.134464014
point-0000602,521.190812330,0.523598776,-69.185842870,-256.600000000,356.066604984,1.570796327,1.047197551
point-0000603,522.063476956,0.610865238,-39.275096735,-256.600000000,360.802111876,1.570796327,0.959931089
point-0000604,522.936141582,0.698131701,-9.065443399,-256.600000000,362.912705439,1.570796327,0.872664626
point-0000605,523.808806208,0.785398163,21.213203436,-256.600000000,362.382322781,1.570796327,0.785398163
point-0000606,524.681470834,0.872664626,51.330404983,-256.600000000,359.215000436,1.570796327,0.698131701
point-0000607,525.554135460,0.959931089,81.056951154,-256.600000000,353.434843638,1.570796327,0.610865238
point-0000608,526.426800086,1.047197551,110.166604984,-256.600000000,345.085842870,1.570796327,0.523598776
point-0000609,527.299464712,1.134464014,138.437824429,-256.600000000,334.231539071,1.570796327,0.436332313
point-0000610,528.172129338,1.221730476,165.655448439,-256.600000000,320.954540045,1.570796327,0.349065850
point-0000611,529.044793964,1.308996939,191.612334462,-256.600000000,305.355891773,1.570796327,0.261799388
point-0000612,529.917458590,1.396263402,216.110934920,-256.600000000,287.554309386,1.570796327,0.174532925
point-0000613,530.790123216,1.483529864,238.964800672,-256.600000000,267.685273675,1.570796327,0.087266463
point-0000614,531.662787842,1.570796327,260.000000000,-256.600000000,245.900000000,1.570796327,0.000000000
point-0000615,532.535452468,1.658062789,279.056442336,-256.600000000,222.364287447,1.570796327,-0.087266463
point-0000616,533.408117094,1.745329252,295.989096647,-256.600000000,197.257256999,1.570796327,-0.174532925
point-0000617,534.280781720,1.832595715,310.669095209,-256.600000000,170.769988320,1.570796327,-0.261799388
point-0000618,535.153446346,1.919862177,322.984714369,-256.600000000,143.104065516,1.570796327,-0.349065850
point-0000619,536.026110972,2.007128640,332.842224830,-256.600000000,114.470042966,1.570796327,-0.436332313
point-0000620,536.898775598,2.094395102,340.166604984,-256.600000000,85.085842870,1.570796327,-0.523598776
point-0000621,537.771440224,2.181661565,344.902111876,-256.600000000,55.175096735,1.570796327,-0.610865238
point-0000622,538.644104850,2.268928028,347.012705439,-256.600000000,24.965443399,1.570796327,-0.698131701
point-0000623,539.516769476,2.356194490,346.482322781,-256.600000000,-5.313203436,1.570796327,-0.785398163
point-0000624,540.389434102,2.443460953,343.315000436,-256.600000000,-35.430404983,1.570796327,-0.872664626
point-0000625,541.262098728,2.530727415,337.534843638,-256.600000000,-65.156951154,1.570796327,-0.959931089
point-0000626,542.134763354,2.617993878,329.185842870,-256.600000000,-94.266604984,1.570796327,-1.047197551
point-0000627,543.007427980,2.705260341,318.331539071,-256.600000000,-122.537824429,1.570796327,-1.134464014
point-0000628,543.880092606,2.792526803,305.054540045,-256.600000000,-149.755448439,1.570796327,-1.221730476
point-0000629,544.752757232,2.879793266,289.455891773,-256.600000000,-175.712334462,1.570796327,-1.308996939
point-0000630,545.625421858,2.967059728,271.654309386,-256.600000000,-200.210934920,1.570796327,-1.396263402
point-0000631,546.498086484,3.054326191,251.785273675,-256.600000000,-223.064800672,1.570796327,-1.483529864
point-0000632,547.370751110,3.141592654,230.000000000,-256.600000000,-244.100000000,1.570796327,-1.570796327
point-0000633,548.243415736,3.228859116,206.464287447,-256.600000000,-263.156442336,1.570796327,-1.658062789
point-0000634,549.116080362,3.316125579,181.357256999,-256.600000000,-280.089096647,1.570796327,-1.745329252
point-0000635,549.988744988,3.403392041,154.869988320,-256.600000000,-294.769095209,1.570796327,-1.832595715
point-0000636,550.861409614,3.490658504,127.204065516,-256.600000000,-307.084714369,1.570796327,-1.919862177
point-0000637,551.734074240,3.577924967,98.570042966,-256.600000000,-316.942224830,1.570796327,-2.007128640
point-0000638,552.606738866,3.665191429,69.185842870,-256.600000000,-324.266604984,1.570796327,-2.094395102
point-0000639,553.479403492,3.752457892,39.275096735,-256.600000000,-329.002111876,1.570796327,-2.181661565
point-0000640,554.352068118,3.839724354,9.065443399,-256.600000000,-331.112705439,1.570796327,-2.268928028
point-0000641,555.224732744,3.926990817,-21.213203436,-256.600000000,-330.582322781,1.570796327,-2.356194490
point-0000642,556.097397370,4.014257280,-51.330404983,-256.600000000,-327.415000436,1.570796327,-2.443460953
point-0000643,556.970061996,4.101523742,-81.056951154,-256.600000000,-321.634843638,1.570796327,-2.530727415
point-0000644,557.842726622,4.188790205,-110.166604984,-256.600000000,-313.285842870,1.570796327,-2.617993878
point-0000645,558.715391248,4.276056667,-138.437824429,-256.600000000,-302.431539071,1.570796327,-2.705260341
point-0000646,559.588055874,4.363323130,-165.655448439,-256.600000000,-289.154540045,1.570796327,-2.792526803
point-0000647,560.460720500,4.450589593,-191.612334462,-256.600000000,-273.555891773,1.570796327,-2.879793266
point-0000648,561.333385126,4.537856055,-216.110934920,-256.600000000,-255.754309386,1.570796327,-2.967059728
point-0000649,562.206049752,4.625122518,-238.964800672,-256.600000000,-235.885273675,1.570796327,-3.054326191
point-0000650,563.078714378,4.712388980,-260.000000000,-256.600000000,-214.100000000,1.570796327,-3.141592654
point-0000651,563.951379004,4.799655443,-279.056442336,-256.600000000,-190.564287447,1.570796327,-3.228859116
point-0000652,564.824043630,4.886921906,-295.989096647,-256.600000000,-165.457256999,1.570796327,-3.316125579
point-0000653,565.696708256,4.974188368,-310.669095209,-256.600000000,-138.969988320,1.570796327,-3.403392041
point-0000654,566.569372882,5.061454831,-322.984714369,-256.600000000,-111.304065516,1.570796327,-3.490658504
point-0000655,567.442037508,5.148721293,-332.842224830,-256.600000000,-82.670042966,1.570796327,-3.577924967
point-0000656,568.314702134,5.235987756,-340.166604984,-256.600000000,-53.285842870,1.570796327,-3.665191429
point-0000657,569.187366760,5.323254219,-344.902111876,-256.600000000,-23.375096735,1.570796327,-3.752457892
point-0000658,570.060031386,5.410520681,-347.012705439,-256.600000000,6.834556601,1.570796327,-3.839724354
point-0000659,570.932696012,5.497787144,-346.482322781,-256.600000000,37.113203436,1.570796327,-3.926990817
point-0000660,571.805360638,5.585053606,-343.315000436,-256.600000000,67.230404983,1.570796327,-4.014257280
point-0000661,572.678025264,5.672320069,-337.534843638,-256.600000000,96.956951154,1.570796327,-4.101523742
point-0000662,573.550689890,5.759586532,-329.185842870,-256.600000000,126.066604984,1.570796327,-4.188790205
point-0000663,574.423354516,5.846852994,-318.331539071,-256.600000000,154.337824429,1.570796327,-4.276056667
point-0000664,575.296019142,5.934119457,-305.054540045,-256.600000000,181.555448439,1.570796327,-4.363323130
point-0000665,576.168683768,6.021385919,-289.455891773,-256.600000000,207.512334462,1.570796327,-4.450589593
point-0000666,577.041348394,6.108652382,-271.654309386,-256.600000000,232.010934920,1.570796327,-4.537856055
point-0000667,577.914013020,6.195918845,-251.785273675,-256.600000000,254.864800672,1.570796327,-4.625122518
point-0000668,578.786677646,6.283185307,-230.000000000,-256.600000000,275.900000000,1.570796327,-4.712388980
point-0000669,579.286677646,6.283185307,-230.000000000,-256.600000000,276.900000000,1.570796327,-4.712388980
point-0000670,579.686677646,6.283185307,-230.000000000,-257.400000000,276.900000000,1.570796327,-4.712388980
point-0000671,580.986677646,6.283185307,-230.000000000,-257.400000000,274.300000000,1.570796327,-4.712388980
point-0000672,581.859342272,6.195918845,-251.785273675,-257.400000000,253.264800672,1.570796327,-4.625122518
point-0000673,582.732006898,6.108652382,-271.654309386,-257.400000000,230.410934920,1.570796327,-4.537856055
point-0000674,583.604671524,6.021385919,-289.455891773,-257.400000000,205.912334462,1.570796327,-4.450589593
point-0000675,584.477336150,5.934119457,-305.054540045,-257.400000000,179.955448439,1.570796327,-4.363323130
point-0000676,585.350000776,5.846852994,-318.331539071,-257.400000000,152.737824429,1.570796327,-4.276056667
point-0000677,586.222665402,5.759586532,-329.185842870,-257.400000000,124.466604984,1.570796327,-4.188790205
point-0000678,587.095330028,5.672320069,-337.534843638,-257.400000000,95.356951154,1.570796327,-4.101523742
point-0000679,587.967994654,5.585053606,-343.315000436,-257.400000000,65.630404983,1.570796327,-4.014257280
point-0000680,588.840659280,5.497787144,-346.482322781,-257.400000000,35.513203436,1.570796327,-3.926990817
point-0000681,589.713323906,5.410520681,-347.012705439,-257.400000000,5.234556601,1.570796327,-3.839724354
point-0000682,590.585988532,5.323254219,-344.902111876,-257.400000000,-24.975096735,1.570796327,-3.752457892
point-0000683,591.458653158,5.235987756,-340.166604984,-257.400000000,-54.885842870,1.570796327,-3.665191429
point-0000684,592.331317784,5.148721293,-332.842224830,-257.400000000,-84.270042966,1.570796327,-3.577924967
point-0000685,593.203982410,5.061454831,-322.984714369,-257.400000000,-112.904065516,1.570796327,-3.490658504
point-0000686,594.076647036,4.974188368,-310.669095209,-257.400000000,-140.569988320,1.570796327,-3.403392041
point-0000687,594.949311662,4.886921906,-295.989096647,-257.400000000,-167.057256999,1.570796327,-3.316125579
point-0000688,595.821976288,4.799655443,-279.056442336,-257.400000000,-192.164287447,1.570796327,-3.228859116
point-0000689,596.694640914,4.712388980,-260.000000000,-257.400000000,-215.700000000,1.570796327,-3.141592654
point-0000690,597.567305540,4.625122518,-238.964800672,-257.400000000,-237.485273675,1.570796327,-3.054326191
point-0000691,598.439970166,4.537856055,-216.110934920,-257.400000000,-257.354309386,1.570796327,-2.967059728
point-0000692,599.312634792,4.450589593,-191.612334462,-257.400000000,-275.155891773,1.570796327,-2.879793266
point-0000693,600.185299418,4.363323130,-165.655448439,-257.400000000,-290.754540045,1.570796327,-2.792526803
point-0000694,601.057964044,4.276056667,-138.437824429,-257.400000000,-304.031539071,1.570796327,-2.705260341
point-0000695,601.930628670,4.188790205,-110.166604984,-257.400000000,-314.885842870,1.570796327,-2.617993878
point-0000696,602.803293296,4.101523742,-81.056951154,-257.400000000,-323.234843638,1.570796327,-2.530727415
point-0000697,603.675957922,4.014257280,-51.330404983,-257.400000000,-329.015000436,1.570796327,-2.443460953
point-0000698,604.548622548,3.926990817,-21.213203436,-257.400000000,-332.182322781,1.570796327,-2.356194490
point-0000699,605.421287174,3.839724354,9.065443399,-257.400000000,-332.712705439,1.570796327,-2.268928028
point-0000700,606.293951800,3.752457892,39.275096735,-257.400000000,-330.602111876,1.570796327,-2.181661565
point-0000701,607.166616426,3.665191429,69.185842870,-257.400000000,-325.866604984,1.570796327,-2.094395102
point-0000702,608.039281052,3.577924967,98.570042966,-257.400000000,-318.542224830,1.570796327,-2.007128640
point-0000703,608.911945678,3.490658504,127.204065516,-257.400000000,-308.684714369,1.570796327,-1.919862177
point-0000704,609.784610304,3.403392041,154.869988320,-257.400000000,-296.369095209,1.570796327,-1.832595715
point-0000705,610.657274930,3.316125579,181.357256999,-257.400000000,-281.689096647,1.570796327,-1.745329252
point-0000706,611.529939556,3.228859116,206.464287447,-257.400000000,-264.756442336,1.570796327,-1.658062789
point-0000707,612.402604182,3.141592654,230.000000000,-257.400000000,-245.700000000,1.570796327,-1.570796327
point-0000708,613.275268808,3.054326191,251.785273675,-257.400000000,-224.664800672,1.570796327,-1.483529864
point-0000709,614.147933434,2.967059728,271.654309386,-257.400000000,-201.810934920,1.570796327,-1.396263402
point-0000710,615.020598060,2.879793266,289.455891773,-257.400000000,-177.312334462,1.570796327,-1.308996939
point-0000711,615.893262686,2.792526803,305.054540045,-257.400000000,-151.355448439,1.570796327,-1.221730476
point-0000712,616.765927312,2.705260341,318.331539071,-257.400000000,-124.137824429,1.570796327,-1.134464014
point-0000713,617.638591938,2.617993878,329.185842870,-257.400000000,-95.866604984,1.570796327,-1.047197551
point-0000714,618.511256564,2.530727415,337.534843638,-257.400000000,-66.756951154,1.570796327,-0.959931089
point-0000715,619.383921190,2.443460953,343.315000436,-257.400000000,-37.030404983,1.570796327,-0.872664626
point-0000716,620.256585816,2.356194490,346.482322781,-257.400000000,-6.913203436,1.570796327,-0.785398163
point-0000717,621.129250442,2.268928028,347.012705439,-257.400000000,23.365443399,1.570796327,-0.698131701
point-0000718,622.001915068,2.181661565,344.902111876,-257.400000000,53.575096735,1.570796327,-0.610865238
point-0000719,622.874579694,2.094395102,340.166604984,-257.400000000,83.485842870,1.570796327,-0.523598776
point-0000720,623.747244320,2.007128640,332.842224830,-257.400000000,112.870042966,1.570796327,-0.436332313
point-0000721,624.619908946,1.919862177,322.984714369,-257.400000000,141.504065516,1.570796327,-0.349065850
point-0000722,625.492573572,1.832595715,310.669095209,-257.400000000,169.169988320,1.570796327,-0.261799388
point-0000723,626.365238198,1.745329252,295.989096647,-257.400000000,195.657256999,1.570796327,-0.174532925
point-0000724,627.237902824,1.658062789,279.056442336,-257.400000000,220.764287447,1.570796327,-0.087266463
point-0000725,628.110567450,1.570796327,260.000000000,-257.400000000,244.300000000,1.570796327,0.000000000
point-0000726,628.983232076,1.483529864,238.964800672,-257.400000000,266.085273675,1.570796327,0.087266463
point-0000727,629.855896702,1.396263402,216.110934920,-257.400000000,285.954309386,1.570796327,0.174532925
point-0000728,630.728561328,1.308996939,191.612334462,-257.400000000,303.755891773,1.570796327,0.261799388
point-0000729,631.601225954,1.221730476,165.655448439,-257.400000000,319.354540045,1.570796327,0.349065850
point-0000730,632.473890580,1.134464014,138.437824429,-257.400000000,332.631539071,1.570796327,0.436332313
point-0000731,633.346555206,1.047197551,110.166604984,-257.400000000,343.485842870,1.570796327,0.523598776
point-0000732,634.219219832,0.959931089,81.056951154,-257.400000000,351.834843638,1.570796327,0.610865238
point-0000733,635.091884458,0.872664626,51.330404983,-257.400000000,357.615000436,1.570796327,0.698131701
point-0000734,635.964549084,0.785398163,21.213203436,-257.400000000,360.782322781,1.570796327,0.785398163
point-0000735,636.837213710,0.698131701,-9.065443399,-257.400000000,361.312705439,1.570796327,0.872664626
point-0000736,637.709878336,0.610865238,-39.275096735,-257.400000000,359.202111876,1.570796327,0.959931089
point-0000737,638.582542962,0.523598776,-69.185842870,-257.400000000,354.466604984,1.570796327,1.047197551
point-0000738,639.455207588,0.436332313,-98.570042966,-257.400000000,347.142224830,1.570796327,1.134464014
point-0000739,640.327872214,0.349065850,-127.204065516,-257.400000000,337.284714369,1.570796327,1.221730476
point-0000740,641.200536840,0.261799388,-154.869988320,-257.400000000,324.969095209,1.570796327,1.308996939
point-0000741,642.073201466,0.174532925,-181.357256999,-257.400000000,310.289096647,1.570796327,1.396263402
point-0000742,642.945866092,0.087266463,-206.464287447,-257.400000000,293.356442336,1.570796327,1.483529864
point-0000743,643.818530718,0.000000000,-230.000000000,-257.400000000,274.300000000,1.570796327,1.570796327
point-0000744,644.718530718,0.000000000,-230.000000000,-257.400000000,276.100000000,1.570796327,1.570796327
point-0000745,645.218530718,0.000000000,-230.000000000,-257.400000000,275.100000000,1.570796327,1.570796327
point-0000746,646.091195344,0.087266463,-206.464287447,-257.400000000,294.156442336,1.570796327,1.483529864
point-0000747,646.963859970,0.174532925,-181.357256999,-257.400000000,311.089096647,1.570796327,1.396263402
point-0000748,647.836524596,0.261799388,-154.869988320,-257.400000000,325.769095209,1.570796327,1.308996939
point-0000749,648.709189222,0.349065850,-127.204065516,-257.400000000,338.084714369,1.570796327,1.221730476
point-0000750,649.581853848,0.436332313,-98.570042966,-257.400000000,347.942224830,1.570796327,1.134464014
point-0000751,650.454518474,0.523598776,-69.185842870,-257.400000000,355.266604984,1.570796327,1.047197551
point-0000752,651.327183100,0.610865238,-39.275096735,-257.400000000,360.002111876,1.570796327,0.959931089
point-0000753,652.199847726,0.698131701,-9.065443399,-257.400000000,362.112705439,1.570796327,0.872664626
point-0000754,653.072512352,0.785398163,21.213203436,-257.400000000,361.582322781,1.570796327,0.785398163
point-0000755,653.945176978,0.872664626,51.330404983,-257.400000000,358.415000436,1.570796327,0.698131701
point-0000756,654.817841604,0.959931089,81.056951154,-257.400000000,352.634843638,1.570796327,0.610865238
point-0000757,655.690506230,1.047197551,110.166604984,-257.400000000,344.285842870,1.570796327,0.523598776
point-0000758,656.563170856,1.134464014,138.437824429,-257.400000000,333.431539071,1.570796327,0.436332313
point-0000759,657.435835482,1.221730476,165.655448439,-257.400000000,320.154540045,1.570796327,0.349065850
point-0000760,658.308500108,1.308996939,191.612334462,-257.400000000,304.555891773,1.570796327,0.261799388
point-0000761,659.181164734,1.396263402,216.110934920,-257.400000000,286.754309386,1.570796327,0.174532925
point-0000762,660.053829360,1.483529864,238.964800672,-257.400000000,266.885273675,1.570796327,0.087266463
point-0000763,660.926493986,1.570796327,260.000000000,-257.400000000,245.100000000,1.570796327,0.000000000
point-0000764,661.799158612,1.658062789,279.056442336,-257.400000000,221.564287447,1.570796327,-0.087266463
point-0000765,662.671823238,1.745329252,295.989096647,-257.400000000,196.457256999,1.570796327,-0.174532925
point-0000766,663.544487864,1.832595715,310.669095209,-257.400000000,169.969988320,1.570796327,-0.261799388
point-0000767,664.417152490,1.919862177,322.984714369,-257.400000000,142.304065516,1.570796327,-0.349065850
point-0000768,665.289817116,2.007128640,332.842224830,-257.400000000,113.670042966,1.570796327,-0.436332313
point-0000769,666.162481742,2.094395102,340.166604984,-257.400000000,84.285842870,1.570796327,-0.523598776
point-0000770,667.035146368,2.181661565,344.902111876,-257.400000000,54.375096735,1.570796327,-0.610865238
point-0000771,667.907810994,2.268928028,347.012705439,-257.400000000,24.165443399,1.570796327,-0.698131701
point-0000772,668.780475620,2.356194490,346.482322781,-257.400000000,-6.113203436,1.570796327,-0.785398163
point-0000773,669.653140246,2.443460953,343.315000436,-257.400000000,-36.230404983,1.570796327,-0.872664626
point-0000774,670.525804872,2.530727415,337.534843638,-257.400000000,-65.956951154,1.570796327,-0.959931089
point-0000775,671.398469498,2.617993878,329.185842870,-257.400000000,-95.066604984,1.570796327,-1.047197551
point-0000776,672.271134124,2.705260341,318.331539071,-257.400000000,-123.337824429,1.570796327,-1.134464014
point-0000777,673.143798750,2.792526803,305.054540045,-257.400000000,-150.555448439,1.570796327,-1.221730476
point-0000778,674.016463376,2.879793266,289.455891773,-257.400000000,-176.512334462,1.570796327,-1.308996939
point-0000779,674.889128002,2.967059728,271.654309386,-257.400000000,-201.010934920,1.570796327,-1.396263402
point-0000780,675.761792628,3.054326191,251.785273675,-257.400000000,-223.864800672,1.570796327,-1.483529864
point-0000781,676.634457254,3.141592654,230.000000000,-257.400000000,-244.900000000,1.570796327,-1.570796327
point-0000782,677.507121880,3.228859116,206.464287447,-257.400000000,-263.956442336,1.570796327,-1.658062789
point-0000783,678.379786506,3.316125579,181.357256999,-257.400000000,-280.889096647,1.570796327,-1.745329252
point-0000784,679.252451132,3.403392041,154.869988320,-257.400000000,-295.569095209,1.570796327,-1.832595715
point-0000785,680.125115758,3.490658504,127.204065516,-257.400000000,-307.884714369,1.570796327,-1.919862177
point-0000786,680.997780384,3.577924967,98.570042966,-257.400000000,-317.742224830,1.570796327,-2.007128640
point-0000787,681.870445010,3.665191429,69.185842870,-257.400000000,-325.066604984,1.570796327,-2.094395102
point-0000788,682.743109636,3.752457892,39.275096735,-257.400000000,-329.802111876,1.570796327,-2.181661565
point-0000789,683.615774262,3.839724354,9.065443399,-257.400000000,-331.912705439,1.570796327,-2.268928028
point-0000790,684.488438888,3.926990817,-21.213203436,-257.400000000,-331.382322781,1.570796327,-2.356194490
point-0000791,685.361103514,4.014257280,-51.330404983,-257.400000000,-328.215000436,1.570796327,-2.443460953
point-0000792,686.233768140,4.101523742,-81.056951154,-257.400000000,-322.434843638,1.570796327,-2.530727415
point-0000793,687.106432766,4.188790205,-110.166604984,-257.400000000,-314.085842870,1.570796327,-2.617993878
point-0000794,687.979097392,4.276056667,-138.437824429,-257.400000000,-303.231539071,1.570796327,-2.705260341
point-0000795,688.851762018,4.363323130,-165.655448439,-257.400000000,-289.954540045,1.570796327,-2.792526803
point-0000796,689.724426644,4.450589593,-191.612334462,-257.400000000,-274.355891773,1.570796327,-2.879793266
point-0000797,690.597091270,4.537856055,-216.110934920,-257.400000000,-256.554309386,1.570796327,-2.967059728
point-0000798,691.469755896,4.625122518,-238.964800672,-257.400000000,-236.685273675,1.570796327,-3.054326191
point-0000799,692.342420522,4.712388980,-260.000000000,-257.400000000,-214.900000000,1.570796327,-3.141592654
point-0000800,693.215085148,4.799655443,-279.056442336,-257.400000000,-191.364287447,1.570796327,-3.228859116
point-0000801,694.087749774,4.886921906,-295.989096647,-257.400000000,-166.257256999,1.570796327,-3.316125579
point-0000802,694.960414400,4.974188368,-310.669095209,-257.400000000,-139.769988320,1.570796327,-3.403392041
point-0000803,695.833079026,5.061454831,-322.984714369,-257.400000000,-112.104065516,1.570796327,-3.490658504
point-0000804,696.705743652,5.148721293,-332.842224830,-257.400000000,-83.470042966,1.570796327,-3.577924967
point-0000805,697.578408278,5.235987756,-340.166604984,-257.400000000,-54.085842870,1.570796327,-3.665191429
point-0000806,698.451072904,5.323254219,-344.902111876,-257.400000000,-24.175096735,1.570796327,-3.752457892
point-0000807,699.323737530,5.410520681,-347.012705439,-257.400000000,6.034556601,1.570796327,-3.839724354
point-0000808,700.196402156,5.497787144,-346.482322781,-257.400000000,36.313203436,1.570796327,-3.926990817
point-0000809,701.069066782,5.585053606,-343.315000436,-257.400000000,66.430404983,1.570796327,-4.014257280
point-0000810,701.941731408,5.672320069,-337.534843638,-257.400000000,96.156951154,1.570796327,-4.101523742
point-0000811,702.814396034,5.759586532,-329.185842870,-257.400000000,125.266604984,1.570796327,-4.188790205
point-0000812,703.687060660,5.846852994,-318.331539071,-257.400000000,153.537824429,1.570796327,-4.276056667
point-0000813,704.559725286,5.934119457,-305.054540045,-257.400000000,180.755448439,1.570796327,-4.363323130
point-0000814,705.432389912,6.021385919,-289.455891773,-257.400000000,206.712334462,1.570796327,-4.450589593
point-0000815,706.305054538,6.108652382,-271.654309386,-257.400000000,231.210934920,1.570796327,-4.537856055
point-0000816,707.177719164,6.195918845,-251.785273675,-257.400000000,254.064800672,1.570796327,-4.625122518
point-0000817,708.050383790,6.283185307,-230.000000000,-257.400000000,275.100000000,1.570796327,-4.712388980
point-0000818,708.950383790,6.283185307,-230.000000000,-257.400000000,276.900000000,1.570796327,-4.712388980
point-0000819,709.450383790,6.283185307,-230.000000000,-257.400000000,275.900000000,1.570796327,-4.712388980
point-0000820,710.323048416,6.195918845,-251.785273675,-257.400000000,254.864800672,1.570796327,-4.625122518
point-0000821,711.195713042,6.108652382,-271.654309386,-257.400000000,232.010934920,1.570796327,-4.537856055
point-0000822,712.068377668,6.021385919,-289.455891773,-257.400000000,207.512334462,1.570796327,-4.450589593
point-0000823,712.941042294,5.934119457,-305.054540045,-257.400000000,181.555448439,1.570796327,-4.363323130
point-0000824,713.813706920,5.846852994,-318.331539071,-257.400000000,154.337824429,1.570796327,-4.276056667
point-0000825,714.686371546,5.759586532,-329.185842870,-257.400000000,126.066604984,1.570796327,-4.188790205
point-0000826,715.559036172,5.672320069,-337.534843638,-257.400000000,96.956951154,1.570796327,-4.101523742
point-0000827,716.431700798,5.585053606,-343.315000436,-257.400000000,67.230404983,1.570796327,-4.014257280
point-0000828,717.304365424,5.497787144,-346.482322781,-257.400000000,37.113203436,1.570796327,-3.926990817
point-0000829,718.177030050,5.410520681,-347.012705439,-257.400000000,6.834556601,1.570796327,-3.839724354
point-0000830,719.049694676,5.323254219,-344.902111876,-257.400000000,-23.375096735,1.570796327,-3.752457892
point-0000831,719.922359302,5.235987756,-340.166604984,-257.400000000,-53.285842870,1.570796327,-3.665191429
point-0000832,720.795023928,5.148721293,-332.842224830,-257.400000000,-82.670042966,1.570796327,-3.577924967
point-0000833,721.667688554,5.061454831,-322.984714369,-257.400000000,-111.304065516,1.570796327,-3.490658504
point-0000834,722.540353180,4.974188368,-310.669095209,-257.400000000,-138.969988320,1.570796327,-3.403392041
point-0000835,723.413017806,4.886921906,-295.989096647,-257.400000000,-165.457256999,1.570796327,-3.316125579
point-0000836,724.285682432,4.799655443,-279.056442336,-257.400000000,-190.564287447,1.570796327,-3.228859116
point-0000837,725.158347058,4.712388980,-260.000000000,-257.400000000,-214.100000000,1.570796327,-3.141592654
point-0000838,726.031011684,4.625122518,-238.964800672,-257.400000000,-235.885273675,1.570796327,-3.054326191
point-0000839,726.903676310,4.537856055,-216.110934920,-257.400000000,-255.754309386,1.570796327,-2.967059728
point-0000840,727.776340936,4.450589593,-191.612334462,-257.400000000,-273.555891773,1.570796327,-2.879793266
point-0000841,728.649005562,4.363323130,-165.655448439,-257.400000000,-289.154540045,1.570796327,-2.792526803
point-0000842,729.521670188,4.276056667,-138.437824429,-257.400000000,-302.431539071,1.570796327,-2.705260341
point-0000843,730.394334814,4.188790205,-110.166604984,-257.400000000,-313.285842870,1.570796327,-2.617993878
point-0000844,731.266999440,4.101523742,-81.056951154,-257.400000000,-321.634843638,1.570796327,-2.530727415
point-0000845,732.139664066,4.014257280,-51.330404983,-257.400000000,-327.415000436,1.570796327,-2.443460953
point-0000846,733.012328692,3.926990817,-21.213203436,-257.400000000,-330.582322781,1.570796327,-2.356194490
point-0000847,733.884993318,3.839724354,9.065443399,-257.400000000,-331.112705439,1.570796327,-2.268928028
point-0000848,734.757657944,3.752457892,39.275096735,-257.400000000,-329.002111876,1.570796327,-2.181661565
point-0000849,735.630322570,3.665191429,69.185842870,-257.400000000,-324.266604984,1.570796327,-2.094395102
point-0000850,736.502987196,3.577924967,98.570042966,-257.400000000,-316.942224830,1.570796327,-2.007128640
point-0000851,737.375651822,3.490658504,127.204065516,-257.400000000,-307.084714369,1.570796327,-1.919862177
point-0000852,738.248316448,3.403392041,154.869988320,-257.400000000,-294.769095209,1.570796327,-1.832595715
point-0000853,739.120981074,3.316125579,181.357256999,-257.400000000,-280.089096647,1.570796327,-1.745329252
point-0000854,739.993645700,3.228859116,206.464287447,-257.400000000,-263.156442336,1.570796327,-1.658062789
point-0000855,740.866310326,3.141592654,230.000000000,-257.400000000,-244.100000000,1.570796327,-1.570796327
point-0000856,741.738974952,3.054326191,251.785273675,-257.400000000,-223.064800672,1.570796327,-1.483529864
point-0000857,742.611639578,2.967059728,271.654309386,-257.400000000,-200.210934920,1.570796327,-1.396263402
point-0000858,743.484304204,2.879793266,289.455891773,-257.400000000,-175.712334462,1.570796327,-1.308996939
point-0000859,744.356968830,2.792526803,305.054540045,-257.400000000,-149.755448439,1.570796327,-1.221730476
point-0000860,745.229633456,2.705260341,318.331539071,-257.400000000,-122.537824429,1.570796327,-1.134464014
point-0000861,746.102298082,2.617993878,329.185842870,-257.400000000,-94.266604984,1.570796327,-1.047197551
point-0000862,746.974962708,2.530727415,337.534843638,-257.400000000,-65.156951154,1.570796327,-0.959931089
point-0000863,747.847627334,2.443460953,343.315000436,-257.400000000,-35.430404983,1.570796327,-0.872664626
point-0000864,748.720291960,2.356194490,346.482322781,-257.400000000,-5.313203436,1.570796327,-0.785398163
point-0000865,749.592956586,2.268928028,347.012705439,-257.400000000,24.965443399,1.570796327,-0.698131701
point-0000866,750.465621212,2.181661565,344.902111876,-257.400000000,55.175096735,1.570796327,-0.610865238
point-0000867,751.338285838,2.094395102,340.166604984,-257.400000000,85.085842870,1.570796327,-0.523598776
point-0000868,752.210950464,2.007128640,332.842224830,-257.400000000,114.470042966,1.570796327,-0.436332313
point-0000869,753.083615090,1.919862177,322.984714369,-257.400000000,143.104065516,1.570796327,-0.349065850
point-0000870,753.956279716,1.832595715,310.669095209,-257.400000000,170.769988320,1.570796327,-0.261799388
point-0000871,754.828944342,1.745329252,295.989096647,-257.400000000,197.257256999,1.570796327,-0.174532925
point-0000872,755.701608968,1.658062789,279.056442336,-257.400000000,222.364287447,1.570796327,-0.087266463
point-0000873,756.574273594,1.570796327,260.000000000,-257.400000000,245.900000000,1.570796327,0.000000000
point-0000874,757.446938220,1.483529864,238.964800672,-257.400000000,267.685273675,1.570796327,0.087266463
point-0000875,758.319602846,1.396263402,216.110934920,-257.400000000,287.554309386,1.570796327,0.174532925
point-0000876,759.192267472,1.308996939,191.612334462,-257.400000000,305.355891773,1.570796327,0.261799388
point-0000877,760.064932098,1.221730476,165.655448439,-257.400000000,320.954540045,1.570796327,0.349065850
point-0000878,760.937596724,1.134464014,138.437824429,-257.400000000,334.231539071,1.570796327,0.436332313
point-0000879,761.810261350,1.047197551,110.166604984,-257.400000000,345.085842870,1.570796327,0.523598776
point-0000880,762.682925976,0.959931089,81.056951154,-257.400000000,353.434843638,1.570796327,0.610865238
point-0000881,763.555590602,0.872664626,51.330404983,-257.400000000,359.215000436,1.570796327,0.698131701
point-0000882,764.428255228,0.785398163,21.213203436,-257.400000000,362.382322781,1.570796327,0.785398163
point-0000883,765.300919854,0.698131701,-9.065443399,-257.400000000,362.912705439,1.570796327,0.872664626
point-0000884,766.173584480,0.610865238,-39.275096735,-257.400000000,360.802111876,1.570796327,0.959931089
point-0000885,767.046249106,0.523598776,-69.185842870,-257.400000000,356.066604984,1.570796327,1.047197551
point-0000886,767.918913732,0.436332313,-98.570042966,-257.400000000,348.742224830,1.570796327,1.134464014
point-0000887,768.791578358,0.349065850,-127.204065516,-257.400000000,338.884714369,1.570796327,1.221730476
point-0000888,769.664242984,0.261799388,-154.869988320,-257.400000000,326.569095209,1.570796327,1.308996939
point-0000889,770.536907610,0.174532925,-181.357256999,-257.400000000,311.889096647,1.570796327,1.396263402
point-0000890,771.409572236,0.087266463,-206.464287447,-257.400000000,294.956442336,1.570796327,1.483529864
point-0000891,772.282236862,0.000000000,-230.000000000,-257.400000000,275.900000000,1.570796327,1.570796327
point-0000892,772.782236862,0.000000000,-230.000000000,-257.400000000,276.900000000,1.570796327,1.570796327
