point_id,time_s,X,Y,Z,A,C
point-0000001,0.0,-300.0,279.75,307.5,1.5707963267948966,1.5707963267948966
point-0000002,251.7693245313222,-297.0425690524889,279.75,310.4767973404264,1.5707963267948966,1.5608230167835178
point-0000003,759.9709694853432,-290.93011555473623,279.75,316.34018174398676,1.5707963267948966,1.5408763967606505
point-0000004,1268.1807507894264,-284.70192962244266,279.75,322.08068360423755,1.5707963267948966,1.5209297767378678
point-0000005,1776.39850011827,-278.36048505807247,279.75,327.69601904851044,1.5707963267948966,1.500983156715134
point-0000006,2284.6240461996717,-271.9083007244617,279.75,333.1839539986262,1.5707963267948966,1.4810365366922769
point-0000007,2792.857214864288,-265.34793954287716,279.75,338.54230505957787,1.5707963267948966,1.4610899166695552
point-0000008,3301.0978291359766,-258.6820074730393,279.75,343.76894038846905,1.5707963267948966,1.4411432966466902
point-0000009,3809.345709270036,-251.913152476709,279.75,348.86178054238235,1.5707963267948966,1.4211966766239632
point-0000010,4317.600672850225,-245.04406346380733,279.75,353.8187993059948,1.5707963267948966,1.40125005660107
point-0000011,4825.862534825337,-238.07746922306205,279.75,358.6380244974009,1.5707963267948966,1.3813034365783625
point-0000012,5211.291828276681,-232.73932895207645,279.75,362.21150205437135,1.5707963267948966,1.3661266963482535
point-0000013,5451.52119184703,-229.39695974236184,279.75,364.41585331688987,1.5707963267948966,1.3565869367630374
point-0000014,5836.926321451917,-223.97214418917974,279.75,367.8555750553123,1.5707963267948966,1.3414101965327248
point-0000015,6345.210718139174,-216.72978891209027,279.75,372.25023317819347,1.5707963267948966,1.3214635765099363
point-0000016,6853.50116818636,-209.40122007672858,279.75,376.49976470075524,1.5707963267948966,1.3015169564871858
point-0000017,7361.797473764541,-201.9893492777513,279.75,380.6024789377571,1.5707963267948966,1.2815703364643565
point-0000018,7870.099434868819,-194.4971212519659,279.75,384.55674361224123,1.5707963267948966,1.261623716441652
point-0000019,8378.406849414754,-186.92751270645113,279.75,388.3609855051077,1.5707963267948966,1.2416770964187656
point-0000020,8886.719513285589,-179.28353113469706,279.75,392.01369108080877,1.5707963267948966,1.2217304763959909
point-0000021,9395.037220433955,-171.56821361969963,279.75,395.5134070897062,1.5707963267948966,1.2017838563732455
point-0000022,9903.359762950027,-163.78462562579023,279.75,398.8587411461801,1.5707963267948966,1.1818372363504273
point-0000023,10411.68693113385,-155.93585977912744,279.75,402.0483622825605,1.5707963267948966,1.161890616327634
point-0000024,10662.808581692201,-152.04264437007345,279.75,403.58463021550773,1.5707963267948966,1.1519173063163402
point-0000025,10913.909682506632,-148.13430587387137,279.75,405.0810488611596,1.5707963267948966,1.1419439963048323
point-0000026,11422.247413865332,-140.16456435597726,279.75,407.955594314094,1.5707963267948966,1.1219973762820594
point-0000027,11930.589043741997,-132.1390731503019,279.75,410.6708076233491,1.5707963267948966,1.1020507562592496
point-0000028,12438.93435560173,-124.06102112524957,279.75,413.22560854078006,1.5707963267948966,1.0821041362364343
point-0000029,12947.283131544298,-115.93361806076419,279.75,415.6189806354595,1.5707963267948966,1.0621575162136858
point-0000030,13455.635152391544,-107.76009337122449,279.75,417.84997169809554,1.5707963267948966,1.0422108961908956
point-0000031,13963.990197761572,-99.54369482074654,279.75,419.9176941198341,1.5707963267948966,1.022264276168083
point-0000032,14472.348046153482,-91.28768723102564,279.75,421.82132524541043,1.5707963267948966,1.0023176561453127
point-0000033,14980.708475037009,-82.99535118231708,279.75,423.56010770047,1.5707963267948966,0.9823710361224387
point-0000034,15489.07126091965,-74.66998170852071,279.75,425.1333496928368,1.5707963267948966,0.9624244160997365
point-0000035,15874.328716288044,-68.34151664496096,279.75,426.21927156162735,1.5707963267948966,0.9472476758696421
point-0000036,16114.087319347862,-64.39601858446565,279.75,426.85241845038024,1.5707963267948966,0.9377079162844225
point-0000037,16499.337831295114,-58.04265813045086,279.75,427.7808694220587,1.5707963267948966,0.9225311760541436
point-0000038,17007.707088550404,-49.63808293059057,279.75,428.85409383137517,1.5707963267948966,0.9025845560313709
point-0000039,17516.0777082075,-41.213772352691876,279.75,429.7596715420287,1.5707963267948966,0.8826379360085265
point-0000040,18024.44946310669,-32.7730739372505,279.75,430.49724227568265,1.5707963267948966,0.8626913159857439
point-0000041,18532.822125671162,-24.319341744623216,279.75,431.06651259277146,1.5707963267948966,0.8427446959629568
point-0000042,19041.195467986327,-15.855935020711513,279.75,431.46725600923423,1.5707963267948966,0.8227980759401313
point-0000043,19549.569261882756,-7.386216860523774,279.75,431.6993130866232,1.5707963267948966,0.8028514559173611
point-0000044,20057.943279028994,1.086447129956241,279.75,431.7625914955423,1.5707963267948966,0.7829048358945835
point-0000045,20566.31729101209,9.558690172694696,279.75,431.65706605237597,1.5707963267948966,0.7629582158717748
point-0000046,21074.69106942132,18.02714565705182,279.75,431.38277872931116,1.5707963267948966,0.7430115958490228
point-0000047,21325.60581716791,22.204265735516174,279.75,431.182629550878,1.5707963267948966,0.7330382858377222
point-0000048,21576.523568333632,26.37917724262158,279.75,430.93988602007846,1.5707963267948966,0.723064975826205
point-0000049,22084.895804224296,34.829965473433646,279.75,430.32856413151796,1.5707963267948966,0.7031183558033915
point-0000050,22593.267028915474,43.2668810380039,279.75,429.54900891347324,1.5707963267948966,0.6831717357806322
point-0000051,23101.637014999786,51.686571380974414,279.75,428.6015305270408,1.5707963267948966,0.6632251157578111
point-0000052,23610.00553551817,60.08569080004716,279.75,427.48650593874595,1.5707963267948966,0.6432784957350591
point-0000053,24118.372364058087,68.46090177729212,279.75,426.2043787705403,1.5707963267948966,0.6233318757122436
point-0000054,24626.737274825777,76.8088763067727,279.75,424.75565912333093,1.5707963267948966,0.6033852556894567
point-0000055,25135.100042741757,85.12629721877508,279.75,423.14092337400837,1.5707963267948966,0.5834386356665938
point-0000056,25643.460443510303,93.40985949930277,279.75,421.3608139461778,1.5707963267948966,0.5634920156439298
point-0000057,26151.81825373213,101.65627160544614,279.75,419.4160390544715,1.5707963267948966,0.5435453956210095
point-0000058,26537.090335893754,107.8776633347372,279.75,417.8266643420186,1.5707963267948966,0.5283686553910286
point-0000059,26776.917746309256,111.7350806246638,279.75,416.77913000798065,1.5707963267948966,0.5188288958058085
point-0000060,27162.201315588878,117.91528321357708,279.75,415.0357477418727,1.5707963267948966,0.5036521555754545
point-0000061,27670.548418710867,126.03065034580584,279.75,412.60197403940145,1.5707963267948966,0.4837055355527137
point-0000062,28178.89195851234,134.0958622672233,279.75,410.00701961658706,1.5707963267948966,0.4637589155299402
point-0000063,28687.231717657873,142.10771430641634,279.75,407.251916897408,1.5707963267948966,0.44381229550707496
point-0000064,29195.567480200767,150.06302302136396,279.75,404.33776201802914,1.5707963267948966,0.4238656754843114
point-0000065,29703.89903167927,157.95862746621168,279.75,401.26571439061576,1.5707963267948966,0.403919055461506
point-0000066,30212.22615918186,165.79139044861756,279.75,398.0369962421402,1.5707963267948966,0.3839724354387635
point-0000067,30720.54865143989,173.55819977808488,279.75,394.65289212803674,1.5707963267948966,0.36402581541594276
point-0000068,31228.866298893478,181.2559695039434,279.75,391.11474842122004,1.5707963267948966,0.3440791953931715
point-0000069,31737.178893783675,188.88164114330397,279.75,387.4239727763352,1.5707963267948966,0.3241325753703199
point-0000070,31988.40488543818,192.61185657600913,279.75,385.52205320105674,1.5707963267948966,0.31415926535911665
point-0000071,32239.65689687145,196.32291366093875,279.75,383.5820809522661,1.5707963267948966,0.30418595534759485
point-0000072,32747.95610933802,203.79532995056167,279.75,379.590601462757,1.5707963267948966,0.2842393353247417
point-0000073,33256.249575128415,211.1866499502562,279.75,375.45107496847095,1.5707963267948966,0.2642927153020042
point-0000074,33764.537095147505,218.49393709953858,279.75,371.1651484100282,1.5707963267948966,0.24434609527920825
point-0000075,34272.81847249147,225.71428827073248,279.75,366.73452697044013,1.5707963267948966,0.22439947525636558
point-0000076,34781.093512523184,232.8448349240038,279.75,362.16097339668846,1.5707963267948966,0.2044528552336153
point-0000077,35289.3620229565,239.88274424876718,279.75,357.44630729830845,1.5707963267948966,0.18450623521079063
point-0000078,35797.62381391342,246.82522029050864,279.75,352.59240442358237,1.5707963267948966,0.16455961518799966
point-0000079,36305.87869800608,253.66950506330588,279.75,347.6011959131689,1.5707963267948966,0.1446129951652125
point-0000080,36814.126490402516,260.4128796470296,279.75,342.47466753183164,1.5707963267948966,0.12466637514243654
point-0000081,37199.597115267046,265.4483138675419,279.75,338.4848384282556,1.5707963267948966,0.10948963491240657
point-0000082,37440.02057174098,268.54167073096926,279.75,335.93775107433413,1.5707963267948966,0.09994987532719199
point-0000083,37825.519112619426,273.4769532567242,279.75,331.82395733906117,1.5707963267948966,0.08477313509687802
point-0000084,38333.74086460871,279.9016910332325,279.75,326.30401296015845,1.5707963267948966,0.06482651507405741
point-0000085,38841.95474164588,286.2150553192764,279.75,320.6572218895275,1.5707963267948966,0.04487989505122983
point-0000086,39350.16057367934,292.4145384237797,279.75,314.8858307380048,1.5707963267948966,0.024933275028499444
point-0000087,39858.35819363972,298.4976779639223,279.75,308.9921356854758,1.5707963267948966,0.0049866550056753625
point-0000088,40366.547437486595,304.46205784460136,279.75,302.97848156751024,1.5707963267948966,-0.014959965017101801
point-0000089,40874.72814428398,310.305309219841,279.75,296.84726094230416,1.5707963267948966,-0.03490658503989542
point-0000090,41382.90015625418,316.0251114351545,279.75,290.60091313886414,1.5707963267948966,-0.054853205062715064
point-0000091,41891.06331883663,321.61919295081134,279.75,284.24192328651804,1.5707963267948966,-0.07479982508549662
point-0000092,42399.21748075054,327.0853322456183,279.75,277.7728213261392,1.5707963267948966,-0.09474644510827897
point-0000093,42651.21733087432,329.7151075907356,279.75,274.4980296302372,1.5707963267948966,-0.1047197551195042
point-0000094,42903.26158354679,332.31208746400716,279.75,271.1962283860767,1.5707963267948966,-0.11469306513108983
point-0000095,43411.392829920864,337.5158825551449,279.75,264.5147609931953,1.5707963267948966,-0.13463968515381253
point-0000096,43919.51458478201,342.5853800383284,279.75,257.7310300317136,1.5707963267948966,-0.15458630517667915
point-0000097,44427.62671169019,347.51856710038516,279.75,250.84773445090772,1.5707963267948966,-0.17453292519944452
point-0000098,44935.729077777374,352.31348515998417,279.75,243.86761280858917,1.5707963267948966,-0.1944795452222431
point-0000099,45443.82155378252,356.9682306467016,279.75,236.79344218175905,1.5707963267948966,-0.2144261652449969
point-0000100,45951.90401411167,361.4809557584611,279.75,229.62803706158027,1.5707963267948966,-0.234372785267861
point-0000101,46459.976336870044,365.8498691965382,279.75,222.3742482338325,1.5707963267948966,-0.2543194052906259
point-0000102,46968.03840392511,370.0732368783791,279.75,215.03496164447512,1.5707963267948966,-0.27426602531338606
point-0000103,47476.090100942856,374.14938262742413,279.75,207.61309725157486,1.5707963267948966,-0.29421264533621766
point-0000104,47861.90861198333,377.12503799190773,279.75,201.91271631868878,1.5707963267948966,-0.3093893855662084
point-0000105,48103.34897137189,378.91046776192223,279.75,198.306490487939,1.5707963267948966,-0.31892914515142146
point-0000106,48489.20697032895,381.74432601520664,279.75,192.5335727296039,1.5707963267948966,-0.3341058853818357
point-0000107,48997.22178410026,385.36933832230073,279.75,184.88191205663387,1.5707963267948966,-0.3540525054045431
point-0000108,49505.225769396435,388.84101636520137,279.75,177.15967010533234,1.5707963267948966,-0.37399912542736696
point-0000109,50013.218832841885,392.1579830303859,279.75,169.36991921393505,1.5707963267948966,-0.3939457454501962
point-0000110,50521.20088510576,395.31892275697373,279.75,161.515758575851,1.5707963267948966,-0.41389236547291325
point-0000111,51029.17184094532,398.3225820601722,279.75,153.60031300648635,1.5707963267948966,-0.43383898549576616
point-0000112,51537.13161921656,401.16777002983224,279.75,145.62673170035666,1.5707963267948966,-0.45378560551852243
point-0000113,52045.0801429269,403.8533588043809,279.75,137.5981869778269,1.5707963267948966,-0.47373222554132494
point-0000114,52553.017339249775,406.3782840194458,279.75,129.51787302321526,1.5707963267948966,-0.4936788455641249
point-0000115,53060.943139559,408.74154523134416,279.75,121.38900461386741,1.5707963267948966,-0.5136254655869448
point-0000116,53314.04223507817,409.8076211353109,279.75,117.30762113540509,1.5707963267948966,-0.5235987755981196
point-0000117,53567.19627834282,410.83293507836834,279.75,113.2148632236697,1.5707963267948966,-0.5335720856096733
point-0000118,54075.093583639675,412.87012492883133,279.75,104.99870097114668,1.5707963267948966,-0.553518705632495
point-0000119,54582.979290303,414.7430371499695,279.75,96.74373932583926,1.5707963267948966,-0.5734653256552854
point-0000120,55090.85334819703,416.4509307043829,279.75,88.45326257258994,1.5707963267948966,-0.5934119456781368
point-0000121,55598.715711496596,417.993130208094,279.75,80.13056912263487,1.5707963267948966,-0.6133585657008694
point-0000122,56106.5663387213,419.3690261992957,279.75,71.77897020104523,1.5707963267948966,-0.6333051857236821
point-0000123,56614.405192734186,420.57807538075974,279.75,63.40178852962363,1.5707963267948966,-0.6532518057464758
point-0000124,57122.23224076563,421.61980083600906,279.75,55.002357004786845,1.5707963267948966,-0.6731984257692314
point-0000125,57630.047454426385,422.493792219047,279.75,46.58401737155039,1.5707963267948966,-0.6931450457920274
point-0000126,58137.850809713476,423.19970591759125,279.75,38.15011889408363,1.5707963267948966,-0.7130916658148417
point-0000127,58524.10609404052,423.5979155555485,279.75,31.724858644840292,1.5707963267948966,-0.7282684060448174
point-0000128,58766.804437636,423.75770404183083,279.75,27.683043544929046,1.5707963267948966,-0.737808165630036
point-0000129,59153.10392923609,423.99698916081354,279.75,21.249166825971297,1.5707963267948966,-0.752984905860426
point-0000130,59660.86592582134,424.1972778532617,279.75,12.788837354466676,1.5707963267948966,-0.7729315258831957
point-0000131,60168.61601003741,424.22878441262066,279.75,4.32639460176993,1.5707963267948966,-0.7928781459060373
point-0000132,60676.35418141955,424.0915004129529,279.75,-4.134794601666289,1.5707963267948966,-0.8128247659287859
point-0000133,61184.08044393102,423.78548458242597,279.75,-12.591363927823142,1.5707963267948966,-0.8327713859516069
point-0000134,61691.79480594636,423.31086277993495,279.75,-21.039948890163846,1.5707963267948966,-0.8527180059743817
point-0000135,62199.49728025946,422.66782794501546,279.75,-29.47718818239169,1.5707963267948966,-0.8726646259971377
point-0000136,62707.18788407795,421.85664002106466,279.75,-37.899725015741964,1.5707963267948966,-0.8926112460200034
point-0000137,63214.86663900596,420.87762585192604,279.75,-46.30420845431196,1.5707963267948966,-0.9125578660427753
point-0000138,63722.53357105284,419.73117905181766,279.75,-54.6872947485211,1.5707963267948966,-0.9325044860655693
point-0000139,63976.86441472616,419.04067400023615,279.75,-58.86952262467382,1.5707963267948966,-0.9424777960767745
point-0000140,64231.25117193896,418.3084886120299,279.75,-63.04560128278764,1.5707963267948966,-0.9524511060883334
point-0000141,64738.88895209769,416.8286239933631,279.75,-71.375802667608,1.5707963267948966,-0.9723977261111156
point-0000142,65246.51503042996,415.1829068388671,279.75,-79.67463206252926,1.5707963267948966,-0.992344346133951
point-0000143,65754.12945188356,413.371996013528,279.75,-87.93878772964722,1.5707963267948966,-1.0122909661567339
point-0000144,66261.73226573829,411.3966161053941,279.75,-96.16498172977715,1.5707963267948966,-1.0322375861795006
point-0000145,66769.32352558411,409.2575571372921,279.75,-104.3499412305154,1.5707963267948966,-1.052184206202285
point-0000146,67276.903289301,406.9556742525027,279.75,-112.49040980834475,1.5707963267948966,-1.0721308262251057
point-0000147,67784.47161903558,404.49188737453477,279.75,-120.58314874418822,1.5707963267948966,-1.092077446247894
point-0000148,68292.02858118403,401.8671808410901,279.75,-128.62493831204387,1.5707963267948966,-1.11202406627073
point-0000149,68799.57424635794,399.0826030124731,279.75,-136.61257905981748,1.5707963267948966,-1.1319706862934729
point-0000150,69186.27950576204,396.83136383486504,279.75,-142.6517078933662,1.5707963267948966,-1.1471474265234969
point-0000151,69430.25746911317,395.3288849935376,279.75,-146.43024571292736,1.5707963267948966,-1.1566871861087222
point-0000152,69817.0040082685,392.92907338230754,279.75,-152.41263052118828,1.5707963267948966,-1.1718639263390827
point-0000153,70324.51098925059,389.6718061404426,279.75,-160.2187551138082,1.5707963267948966,-1.1918105463618187
point-0000154,70832.0070336501,386.25949287834186,279.75,-167.95816114552875,1.5707963267948966,-1.2117571663846451
point-0000155,71339.49223413253,382.69349530915684,279.75,-175.62776944930968,1.5707963267948966,-1.2317037864074571
point-0000156,71846.96668739575,378.9752362900403,279.75,-183.22452863104726,1.5707963267948966,-1.2516504064302403
point-0000157,72354.4304941325,375.10619925605056,279.75,-190.7454162835633,1.5707963267948966,-1.2715970264530168
point-0000158,72861.88375899105,371.0879276299597,279.75,-198.1874401890582,1.5707963267948966,-1.291543646475779
point-0000159,73369.32659054043,366.92202420814954,279.75,-205.54763950964175,1.5707963267948966,-1.311490266498662
point-0000160,73876.75910121466,362.6101505230406,279.75,-212.8230859650978,1.5707963267948966,-1.3314368865213504
point-0000161,74384.18140729854,358.1540261818042,279.75,-220.01088499831812,1.5707963267948966,-1.3513835065441817
point-0000162,74639.66316688216,355.8177874654992,279.75,-223.5707729747672,1.5707963267948966,-1.3613568165554457
point-0000163,74895.19219097494,353.44615694573287,279.75,-227.1081295440452,1.5707963267948966,-1.371330126566979
point-0000164,75402.58973164394,348.70691929864563,279.75,-234.11199593191563,1.5707963267948966,-1.3912767465898146
point-0000165,75909.9774919623,343.8289316397171,279.75,-241.01974500971286,1.5707963267948966,-1.411223366612567
point-0000166,76417.35560432635,338.81413880712773,279.75,-247.82862848712819,1.5707963267948966,-1.4311699866353655
point-0000167,76924.72420471699,333.6645400676794,279.75,-254.53593741147762,1.5707963267948966,-1.4511166066581707
point-0000168,77432.08343265134,328.38218832134373,279.75,-261.1390032455112,1.5707963267948966,-1.4710632266808843
point-0000169,77939.43343114074,322.9691892843863,279.75,-267.6351989292349,1.5707963267948966,-1.4910098467037547
point-0000170,78446.77434661597,317.42770065180395,279.75,-274.0219399248249,1.5707963267948966,-1.510956466726546
point-0000171,78954.10632889172,311.7599312386617,279.75,-280.2966852451516,1.5707963267948966,-1.5309030867493094
point-0000172,79461.4295311035,305.9681401013618,279.75,-286.4569384646322,1.5707963267948966,-1.5508497067721143
point-0000173,79848.52024705615,301.4535627888401,279.75,-291.0656907800668,1.5707963267948966,-1.5660264470021725
point-0000174,80093.579521568,298.53961169819513,279.74999999999994,-293.927607803335,1.5707963267948966,-1.5755662065874003
point-0000175,80480.70147265149,293.9125035609312,279.75,-298.4241168826259,1.5707963267948966,-1.59074294681775
point-0000176,80987.99536233941,287.762690897048,279.74999999999994,-304.2262808858141,1.5707963267948966,-1.6106895668404768
point-0000177,81495.28118487552,281.4983772088381,279.75,-309.9044322918296,1.5707963267948966,-1.6306361868632473
point-0000178,82002.55911012684,275.12205889050716,279.75,-315.4563120130295,1.5707963267948966,-1.6505828068861095
point-0000179,82509.82931089315,268.63627689791747,279.75,-320.87971120301205,1.5707963267948966,-1.6705294269088369
point-0000180,83017.09196286123,262.04361573740374,279.75,-326.17247213562456,1.5707963267948966,-1.6904760469316877
point-0000181,83524.34724451405,255.34670243781588,279.74999999999994,-331.3324890631584,1.5707963267948966,-1.7104226669544278
point-0000182,84031.59533708615,248.54820550504132,279.75,-336.35770905436937,1.5707963267948966,-1.730369286977226
point-0000183,84538.83642448044,241.65083386050992,279.75,-341.2461328110881,1.5707963267948966,-1.7503159070000593
point-0000184,85046.0706932012,234.65733576339716,279.74999999999994,-345.99581546367824,1.5707963267948966,-1.7702625270228058
point-0000185,85302.42582150486,231.07077297484648,279.75,-348.317787465448,1.5707963267948966,-1.7802358370341231
point-0000186,85558.81154017369,227.46122648037073,279.75,-350.604819962455,1.5707963267948966,-1.7902091470456114
point-0000187,86066.02972022342,220.2838724526746,279.75,-355.07131259441843,1.5707963267948966,-1.8101557670684427
point-0000188,86573.24173587596,213.0188620949579,279.75,-359.39356371283895,1.5707963267948966,-1.8301023870912174
point-0000189,87080.44778412172,205.66908993303576,279.75,-363.56985367926745,1.5707963267948966,-1.850049007113992
point-0000190,87587.64806417415,198.23748421562664,279.75,-367.59852093010727,1.5707963267948966,-1.869995627136799
point-0000191,88094.84277739334,190.72700574934282,279.75,-371.477962637666,1.5707963267948966,-1.889942247159598
point-0000192,88602.0321272123,183.14064672067713,279.75,-375.2066353478658,1.5707963267948966,-1.9098888671823586
point-0000193,89109.21631906246,175.48142950550283,279.75,-378.78305559432835,1.5707963267948966,-1.9298354872051482
point-0000194,89616.39556029227,167.75240546665395,279.75,-382.20580048854845,1.5707963267948966,-1.9497821072279744
point-0000195,90123.57006008708,159.95665373994512,279.75,-385.4735082859868,1.5707963267948966,-1.9697287272507098
point-0000196,90510.9153403848,153.9562006984549,279.75,-387.8549640754416,1.5707963267948966,-1.984905467480848
point-0000197,90756.67427854132,150.1256288115166,279.75,-389.3054088493925,1.5707963267948966,-1.9944452270660735
point-0000198,91144.03537899177,144.06814415609773,279.75,-391.538579793731,1.5707963267948966,-2.009621967296422
point-0000199,91651.19501879718,136.0909439639137,279.75,-394.3335304882522,1.5707963267948966,-2.029568587319124
point-0000200,92158.35085934203,128.0595860282028,279.75,-396.96861901456003,1.5707963267948966,-2.049515207341896
point-0000201,92665.50311830295,119.97726976964077,279.75,-399.4427969811261,1.5707963267948966,-2.0694618273646843
point-0000202,93172.65201469426,111.84721488289813,279.75,-401.7550800189796,1.5707963267948966,-2.089408447387508
point-0000203,93679.79776878118,103.6726600557248,279.75,-403.9045481733223,1.5707963267948966,-2.1093550674102928
point-0000204,94186.94060200248,95.45686168031807,279.75,-405.89034626956254,1.5707963267948966,-2.1293016874331006
point-0000205,94694.08073688018,87.20309255784943,279.75,-407.71168425352096,1.5707963267948966,-2.149248307455862
point-0000206,95201.21839694316,78.91464059623107,279.75,-409.3678375057864,1.5707963267948966,-2.1691949274786757
point-0000207,95708.3538066352,70.5948075021181,279.74999999999994,-410.8581471299806,1.5707963267948966,-2.1891415475015052
point-0000208,95965.15713761856,66.36952262476694,279.75,-411.5406740002222,1.5707963267948966,-2.1991148575127957
point-0000209,96221.96923998985,62.13763623056707,279.75,-412.18197283246917,1.5707963267948966,-2.2090881675242393
point-0000210,96729.10002774885,53.76499494186726,279.75,-413.33878792330626,1.5707963267948966,-2.229034787547069
point-0000211,97236.22933611885,45.370947601089455,279.74999999999994,-414.3281795257358,1.5707963267948966,-2.2489814075697896
point-0000212,97743.35739256376,36.95883792636067,279.75,-415.14975399432774,1.5707963267948966,-2.2689280275926564
point-0000213,98250.48442500505,28.53201682221635,279.75,-415.8031844539884,1.5707963267948966,-2.288874647615457
point-0000214,98757.61066175271,20.09384104613548,279.75,-416.28821093004296,1.5707963267948966,-2.3088212676381863
point-0000215,99264.73633141823,11.64767187304028,279.74999999999994,-416.60464045165793,1.5707963267948966,-2.3287678876610123
point-0000216,99771.86166281646,3.1968737581830453,279.75,-416.7523471286071,1.5707963267948966,-2.348714507683806
point-0000217,100278.98688489078,-5.255187001621067,279.74999999999994,-416.73127220136746,1.5707963267948966,-2.3686611277065976
point-0000218,100786.11222662136,-13.705143607214609,279.75,-416.54142406449296,1.5707963267948966,-2.3886077477293672
point-0000219,101173.53744659679,-20.157088559393486,279.74999999999994,-416.283783123774,1.5707963267948966,-2.403784487959531
point-0000220,101419.4969783811,-24.250937726684242,279.75,-416.071960570115,1.5707963267948966,-2.4133242475447543
point-0000221,101806.91988841031,-30.694553797767526,279.75,-415.6556826988341,1.5707963267948966,-2.4285009877749615
point-0000222,102314.04740046417,-39.118011719653964,279.75,-414.9601418662015,1.5707963267948966,-2.4484476077977604
point-0000223,102821.17604024036,-47.52591972075038,279.75,-414.0965324760374,1.5707963267948966,-2.4683942278205064
point-0000224,103328.30603548477,-55.91492856836899,279.74999999999994,-413.0651981093779,1.5707963267948966,-2.488340847843414
point-0000225,103835.43761342646,-64.28169654866284,279.74999999999994,-411.86654908098296,1.5707963267948966,-2.5082874678661113
point-0000226,104342.57100072419,-72.62289079668724,279.75,-410.50106227602214,1.5707963267948966,-2.5282340878889236
point-0000227,104849.7064233527,-80.93518862194225,279.74999999999994,-408.96928096040546,1.5707963267948966,-2.548180707911753
point-0000228,105356.84410652834,-89.21527883051246,279.74999999999994,-407.2718145646213,1.5707963267948966,-2.5681273279345116
point-0000229,105863.9842746285,-97.45986304252463,279.75,-405.4093384412546,1.5707963267948966,-2.5880739479572985
point-0000230,106371.1271510998,-105.66565700431795,279.75,-403.3825935963165,1.5707963267948966,-2.608020567980114
point-0000231,106627.87830992074,-109.80762113532424,279.74999999999994,-402.30762113533365,1.5707963267948966,-2.617993877991476
point-0000232,106884.61495298102,-113.9386631318396,279.75,-401.19233901198777,1.5707963267948966,-2.627967188002909
point-0000233,107391.76547618146,-122.05708653563764,279.75,-398.83944609082374,1.5707963267948966,-2.6479138080256654
point-0000234,107898.91946168897,-130.12696439247932,279.75,-396.32489830905234,1.5707963267948966,-2.6678604280484683
point-0000235,108406.07712796486,-138.14508195638743,279.75,-393.64969607914435,1.5707963267948966,-2.687807048071271
point-0000236,108913.23869210554,-146.10824507445113,279.74999999999994,-390.81490373421076,1.5707963267948966,-2.7077536680941194
point-0000237,109420.40436975149,-154.01328145750247,279.75,-387.8216491046053,1.5707963267948966,-2.7277002881167878
point-0000238,109927.57437502888,-161.85704194259648,279.75,-384.671123069075,1.5707963267948966,-2.7476469081396933
point-0000239,110434.74892043197,-169.6364017453592,279.75,-381.36457908118746,1.5707963267948966,-2.7675935281624287
point-0000240,110941.92821678035,-177.34826170378818,279.75,-377.90333267040666,1.5707963267948966,-2.78754014818525
point-0000241,111449.11247311297,-184.98954951087296,279.75,-374.28876091887327,1.5707963267948966,-2.807486768208025
point-0000242,111836.42929172826,-190.78053550243374,279.74999999999994,-371.4365468438937,1.5707963267948966,-2.822663508438199
point-0000243,112082.05685494035,-194.43879540056201,279.75,-369.59908300650204,1.5707963267948966,-2.832203268023414
point-0000244,112469.35362975168,-200.1575321552606,279.75,-366.60535940866396,1.5707963267948966,-2.8473800082535914
point-0000245,112976.55671014544,-207.5689559925803,279.75,-362.5395865255338,1.5707963267948966,-2.8673266282764054
point-0000246,113483.76564957669,-214.89781094981933,279.74999999999994,-358.32660083656384,1.5707963267948966,-2.8872732482991674
point-0000247,113990.9806463385,-222.14117710031098,279.74999999999994,-353.9680784870689,1.5707963267948966,-2.907219868322003
point-0000248,114498.20189646553,-229.29616852937144,279.74999999999994,-349.46575352839227,1.5707963267948966,-2.9271664883447825
point-0000249,115005.42959367097,-236.35993448264173,279.75,-344.82141722791226,1.5707963267948966,-2.9471131083675504
point-0000250,115512.66392927108,-243.32966050024726,279.75,-340.0369173563965,1.5707963267948966,-2.9670597283904283
point-0000251,116019.9050921005,-250.20256953638534,279.75,-335.1141574529805,1.5707963267948966,-2.987006348413114
point-0000252,116527.15326846887,-256.9759230645729,279.74999999999994,-330.05509606756846,1.5707963267948966,-3.006952968435981
point-0000253,117034.40864205587,-263.6470221667254,279.75,-324.8617459819563,1.5707963267948966,-3.026899588458696
point-0000254,117290.61598944808,-266.9980296301853,279.75,-322.21510759077853,1.5707963267948966,-3.0368728984701314
point-0000255,117546.78796529981,-270.32247984408906,279.75,-319.5361260262671,1.5707963267948966,-3.0468462084815213
point-0000256,118054.06192764726,-276.78113679896416,279.75,-314.0803550221691,1.5707963267948966,-3.066792828504368
point-0000257,118561.34369333065,-283.1296905535388,279.75,-308.4966509398056,1.5707963267948966,-3.0867394485271493
point-0000258,119068.63343393119,-289.36561119833516,279.75,-302.78723526915303,1.5707963267948966,-3.106686068549898
point-0000259,119575.931318067,-295.4864136354387,279.75,-296.9543795186537,1.5707963267948966,-3.1266326885726916
point-0000260,120083.23751132503,-301.48965856716336,279.75,-291.0004043115395,1.5707963267948966,-3.1465793085954683
point-0000261,120590.55217620538,-307.3729534666287,279.75,-284.92767846248483,1.5707963267948966,-3.1665259286182925
point-0000262,121097.87547205368,-313.1339535295734,279.75,-278.7386180352406,1.5707963267948966,-3.1864725486410936
point-0000263,121605.20755500578,-318.77036260731285,279.74999999999994,-272.43568538133826,1.5707963267948966,-3.2064191686638503
point-0000264,122112.54857793111,-324.2799341203044,279.74999999999994,-266.0213881604038,1.5707963267948966,-3.2263657886866715
point-0000265,122499.58725601916,-328.411796088856,279.75,-261.06774981295445,1.5707963267948966,-3.2415425289168427
point-0000266,122744.40575730731,-331.01091751015724,279.75,-257.9223588821475,1.5707963267948966,-3.2510822885020647
point-0000267,123131.41009889747,-335.0191024355098,279.75,-252.8688564282749,1.5707963267948966,-3.2662590287322235
point-0000268,123638.78333467623,-340.1351902612911,279.75,-246.13585471043797,1.5707963267948966,-3.286205648755071
point-0000269,124146.166144652,-345.1159671395691,279.75,-239.30195193053433,1.5707963267948966,-3.3061522687777924
point-0000270,124653.5586633163,-349.9594473370339,279.75,-232.36986697736066,1.5707963267948966,-3.32609888880067
point-0000271,125160.96102153789,-354.66369974430256,279.74999999999994,-225.34235780569628,1.5707963267948966,-3.3460455088233942
point-0000272,125668.37334654288,-359.2268486445075,279.75,-218.2222203386365,1.5707963267948966,-3.3659921288462256
point-0000273,126175.79576184193,-363.64707445934005,279.74999999999994,-211.0122873555701,1.5707963267948966,-3.3859387488689996
point-0000274,126683.22838720118,-367.9226144731456,279.75,-203.71542736490304,1.5707963267948966,-3.4058853688918127
point-0000275,127190.67133858515,-372.051763534135,279.75,-196.33454346298478,1.5707963267948966,-3.4258319889145348
point-0000276,127698.1247281273,-376.0328747329126,279.75,-188.8725721788949,1.5707963267948966,-3.445778608937365
point-0000277,127953.38797688104,-378.0220532010307,279.75,-185.1118565760611,1.5707963267948966,-3.4557519189487746
point-0000278,128208.60095908152,-379.9736312942994,279.75,-181.33243492392052,1.5707963267948966,-3.4657252289602027
point-0000279,128716.08065654921,-383.65396193364336,279.74999999999994,-173.7171315753213,1.5707963267948966,-3.4856718489829643
point-0000280,129223.5711455684,-387.1816695426892,279.74999999999994,-166.02973928275648,1.5707963267948966,-3.5056184690057357
point-0000281,129731.07252115366,-390.5553464981708,279.75,-158.27331649792998,1.5707963267948966,-3.5255650890285564
point-0000282,130238.5848742735,-393.77364645855397,279.74999999999994,-150.4509491402389,1.5707963267948966,-3.5455117090513624
point-0000283,130746.10829182003,-396.835284899721,279.74999999999994,-142.56574936896982,1.5707963267948966,-3.5654583290741333
point-0000284,131253.64285657593,-399.7390396260321,279.75,-134.6208543451213,1.5707963267948966,-3.585404949096868
point-0000285,131761.1886471871,-402.4837512566119,279.75,-126.6194249832129,1.5707963267948966,-3.6053515691197267
point-0000286,132268.74573812008,-405.0683236865559,279.75,-118.56464469391177,1.5707963267948966,-3.625298189142507
point-0000287,132776.314199651,-407.4917245231226,279.75,-110.45971811723315,1.5707963267948966,-3.645244809165305
point-0000288,133162.9527947663,-409.25317502252864,279.75,-104.26115970664658,1.5707963267948966,-3.660421549395493
point-0000289,133406.62121312268,-410.35274342394473,279.74999999999994,-100.35170834934108,1.5707963267948966,-3.669961308980717
point-0000290,133793.2170862882,-411.96047395816356,279.75,-94.11224838663786,1.5707963267948966,-3.6851380492109267
point-0000291,134300.82556738475,-413.8948082942776,279.75,-85.87620914648518,1.5707963267948966,-3.705084669233656
point-0000292,134808.44567895058,-415.66448609000355,279.75,-77.60302885875807,1.5707963267948966,-3.725031289256489
point-0000293,135316.07746844794,-417.2687991620328,279.75,-69.29599903541633,1.5707963267948966,-3.7449779092792026
point-0000294,135823.72097901738,-418.70710511816145,279.75,-60.95842465895474,1.5707963267948966,-3.764924529302096
point-0000295,136331.37624943248,-419.9788276127975,279.75,-52.593622867982205,1.5707963267948966,-3.7848711493248364
point-0000296,136839.04331411605,-421.0834565763558,279.75,-44.204921636981695,1.5707963267948966,-3.8048177693476597
point-0000297,137346.72220310348,-422.0205484181448,279.74999999999994,-35.79565845265624,1.5707963267948966,-3.8247643893704253
point-0000298,137854.41294204618,-422.7897262028959,279.74999999999994,-27.369178985856866,1.5707963267948966,-3.8447110093931847
point-0000299,138362.1155521991,-423.3906798007305,279.74999999999994,-18.928835760545827,1.5707963267948966,-3.864657629416053
point-0000300,138616.194310834,-423.68262955087584,279.75,-14.704265735559535,1.5707963267948966,-3.8746309394274148
point-0000301,138870.21646793844,-423.93243724725846,279.75,-10.477939437704936,1.5707963267948966,-3.884604249438811
point-0000302,139377.94854913582,-424.19627956479957,279.75,-2.0198522440722853,1.5707963267948966,-3.904550869461568
point-0000303,139885.6925413943,-424.2913689101946,279.75,6.442013365393604,1.5707963267948966,-3.924497489484427
point-0000304,140393.44844681572,-424.2176633426543,279.74999999999994,14.904290811209375,1.5707963267948966,-3.944444109507149
point-0000305,140901.21626309448,-423.9751880771619,279.75,23.363613346678545,1.5707963267948966,-3.9643907295299696
point-0000306,141408.99598349805,-423.5640354744577,279.74999999999994,31.816615397025128,1.5707963267948966,-3.984337349552795
point-0000307,141916.78759687988,-422.98436500430455,279.75,40.25993389856892,1.5707963267948966,-4.004283969575592
point-0000308,142424.59108768209,-422.2364031820545,279.74999999999994,48.69020963670728,1.5707963267948966,-4.024230589598324
point-0000309,142932.40643594722,-421.32044347852946,279.74999999999994,57.104088582484636,1.5707963267948966,-4.044177209621164
point-0000310,143440.2336173103,-420.2368462033056,279.75,65.49822322674704,1.5707963267948966,-4.064123829643879
point-0000311,143826.41910914538,-419.3264634649462,279.75,71.86993950248932,1.5707963267948966,-4.079300569874125
point-0000312,144068.7920424699,-418.7453506435712,279.75,75.86747163036146,1.5707963267948966,-4.088840329459343
point-0000313,144454.93379850304,-417.67778459652004,279.75,82.21400492725827,1.5707963267948966,-4.104017069689484
point-0000314,144962.8018802036,-416.0941020485676,279.75,90.52900153520385,1.5707963267948966,-4.12396368971233
point-0000315,145470.6816361098,-414.344887961393,279.75,98.81095559101719,1.5707963267948966,-4.143910309735148
point-0000316,145978.57301858903,-412.43083415853937,279.74999999999994,107.05657209212261,1.5707963267948966,-4.163856929757876
point-0000317,146486.47597570342,-410.3526980457169,279.74999999999994,115.26257048952228,1.5707963267948966,-4.183803549780653
point-0000318,146994.3904512217,-408.111302309508,279.74999999999994,123.42568599284893,1.5707963267948966,-4.203750169803511
point-0000319,147502.31638463846,-405.70753459008426,279.75,131.54267086924477,1.5707963267948966,-4.223696789826291
point-0000320,148010.2537112074,-403.1423471280209,279.75,139.61029573564943,1.5707963267948966,-4.243643409849042
point-0000321,148518.2023619616,-400.4167563854718,279.74999999999994,147.62535084355372,1.5707963267948966,-4.263590029871852
point-0000322,149026.16226373496,-397.53184264180527,279.75,155.58464735593796,1.5707963267948966,-4.2835366498946605
point-0000323,149279.01912247826,-396.08463021552086,279.75,159.54264437003886,1.5707963267948966,-4.293509959906047
point-0000324,149531.8228112524,-394.5980208004984,279.75,163.48506599850046,1.5707963267948966,-4.303483269917487
point-0000325,150039.81025047242,-391.3979546586036,279.75,171.3234635544124,1.5707963267948966,-4.32342988994022
point-0000326,150547.80866059987,-388.04218450435866,279.75,179.0966741150278,1.5707963267948966,-4.343376509963038
point-0000327,151055.81795060606,-384.53204133683573,279.75,186.80160508539362,1.5707963267948966,-4.363323129985806
point-0000328,151563.83802543674,-380.8689175730233,279.75,194.43519103242468,1.5707963267948966,-4.383269750008626
point-0000329,152071.86878603752,-377.05426649393263,279.75,201.99439490434048,1.5707963267948966,-4.403216370031425
point-0000330,152579.91012939683,-373.0896016663772,279.75,209.47620923905387,1.5707963267948966,-4.42316299005417
point-0000331,153087.96194858744,-368.9764963407816,279.75,216.8776573607412,1.5707963267948966,-4.443109610076977
point-0000332,153596.02413279912,-364.71658282533224,279.75,224.19579456401087,1.5707963267948966,-4.463056230099801
point-0000333,154104.09656738478,-360.3115518365356,279.75,231.42770928553207,1.5707963267948966,-4.483002850122606
point-0000334,154489.85423531855,-356.8898983314664,279.75,236.87088066039814,1.5707963267948966,-4.498179590352759
point-0000335,154731.0097753706,-354.7375811363243,279.74999999999994,240.26528393749246,1.5707963267948966,-4.507719349937981
point-0000336,155116.73026528268,-351.1824594010949,279.75,245.62149244179813,1.5707963267948966,-4.522896090168097
point-0000337,155624.8374128026,-346.35279365406666,279.75,252.57771381670105,1.5707963267948966,-4.5428427101910005
point-0000338,156132.9542610858,-341.3853432583842,279.74999999999994,259.43642083666305,1.5707963267948966,-4.562789330213698
point-0000339,156641.0806757723,-336.2820804271575,279.75,266.1948847444372,1.5707963267948966,-4.582735950236548
point-0000340,157149.2165189448,-331.0450314071952,279.75,272.85041666118934,1.5707963267948966,-4.602682570259348
point-0000341,157657.3616492015,-325.6762756726572,279.75,279.4003686565591,1.5707963267948966,-4.622629190282148
point-0000342,158165.51592170118,-320.1779450978226,279.75,285.8421348020415,1.5707963267948966,-4.642575810304927
point-0000343,158673.6791882193,-314.5522231089095,279.75,292.1731522077904,1.5707963267948966,-4.662522430327661
point-0000344,159181.85129720886,-308.8013438153439,279.75,298.39090204233486,1.5707963267948966,-4.682469050350514
point-0000345,159690.03209384342,-302.9275911210815,279.75,304.49291053453686,1.5707963267948966,-4.702415670373297
point-0000346,159941.84185650546,-300.00000000000006,279.75,307.49999999999994,1.5707963267948966,-4.71238898038469
